Date	Open	High	Low	Close	Volume
	XMAR	XMAR	XMAR	XMAR	XMAR
2023-03-20	29.700000762939453	33.060001373291016	29.690000534057617	29.809999465942383	1475100
2023-03-21	29.920000076293945	29.989999771118164	29.829999923706055	29.940000534057617	825400
2023-03-22	29.979999542236328	30.07900047302246	29.799999237060547	29.799999237060547	327300
2023-03-23	29.899999618530273	30.030000686645508	29.719999313354492	29.84000015258789	405300
2023-03-24	29.81999969482422	29.93000030517578	29.700000762939453	29.889999389648438	532200
2023-03-27	30.020000457763672	30.020000457763672	29.8799991607666	29.90999984741211	77700
2023-03-28	29.91900062561035	29.93000030517578	29.829999923706055	29.905000686645508	70100
2023-03-29	30.079999923706055	30.1200008392334	29.959999084472656	30.083999633789062	323600
2023-03-30	30.209999084472656	30.209999084472656	30.07200050354004	30.1299991607666	171300
2023-03-31	30.219999313354492	30.329999923706055	30.139999389648438	30.329999923706055	744800
2023-04-03	30.329999923706055	30.3799991607666	30.25	30.3700008392334	220200
2023-04-04	30.292999267578125	30.368999481201172	30.25200080871582	30.284000396728516	84200
2023-04-05	30.299999237060547	30.299999237060547	30.229999542236328	30.299999237060547	107800
2023-04-06	30.290000915527344	30.3700008392334	30.170000076293945	30.329999923706055	350800
2023-04-10	30.280000686645508	30.3799991607666	30.166000366210938	30.298999786376953	226400
2023-04-11	30.389999389648438	30.40999984741211	30.28499984741211	30.34000015258789	616500
2023-04-12	30.34000015258789	30.40999984741211	30.290000915527344	30.30900001525879	153900
2023-04-13	30.459999084472656	30.479999542236328	30.31999969482422	30.450000762939453	327000
2023-04-14	30.469999313354492	30.479999542236328	30.3700008392334	30.429000854492188	216600
2023-04-17	30.459999084472656	30.5	30.399999618530273	30.5	73100
2023-04-18	30.559999465942383	30.559999465942383	30.42300033569336	30.520000457763672	77900
2023-04-19	30.489999771118164	30.530000686645508	30.420000076293945	30.520000457763672	128500
2023-04-20	30.459999084472656	30.489999771118164	30.381999969482422	30.459999084472656	155900
2023-04-21	30.46500015258789	30.489999771118164	30.3799991607666	30.479999542236328	222200
2023-04-24	30.479999542236328	30.5	30.389999389648438	30.445999145507812	148800
2023-04-25	30.489999771118164	30.489999771118164	30.284000396728516	30.329999923706055	130700
2023-04-26	30.360000610351562	30.389999389648438	30.25	30.292999267578125	422700
2023-04-27	30.40999984741211	30.520000457763672	30.31999969482422	30.507999420166016	187700
2023-04-28	30.520000457763672	30.6200008392334	30.441999435424805	30.600000381469727	298300
2023-05-01	30.610000610351562	30.649999618530273	30.545000076293945	30.610000610351562	152100
2023-05-02	30.610000610351562	30.610000610351562	30.389999389648438	30.489999771118164	214400
2023-05-03	30.549999237060547	30.559999465942383	30.424999237060547	30.450000762939453	455800
2023-05-04	30.440000534057617	30.440000534057617	30.309999465942383	30.3700008392334	69100
2023-05-05	30.510000228881836	30.59000015258789	30.40999984741211	30.514999389648438	49400
2023-05-08	30.610000610351562	30.610000610351562	30.469999313354492	30.549999237060547	54300
2023-05-09	30.579999923706055	30.579999923706055	30.464000701904297	30.520000457763672	51100
2023-05-10	30.6299991607666	30.6299991607666	30.440000534057617	30.579999923706055	49300
2023-05-11	30.56999969482422	30.586000442504883	30.5	30.586000442504883	32400
2023-05-12	30.649999618530273	30.649999618530273	30.459999084472656	30.5	31100
2023-05-15	30.510000228881836	30.625	30.493999481201172	30.59000015258789	50400
2023-05-16	30.600000381469727	30.6299991607666	30.540000915527344	30.549999237060547	18700
2023-05-17	30.6200008392334	30.700000762939453	30.5310001373291	30.700000762939453	18000
2023-05-18	30.690000534057617	30.790000915527344	30.621000289916992	30.790000915527344	42400
2023-05-19	30.777000427246094	30.820999145507812	30.700000762939453	30.733999252319336	82800
2023-05-22	30.790000915527344	30.799999237060547	30.714000701904297	30.770000457763672	45000
2023-05-23	30.739999771118164	30.759000778198242	30.59000015258789	30.63599967956543	32500
2023-05-24	30.59000015258789	30.610000610351562	30.520000457763672	30.579999923706055	48600
2023-05-25	30.59000015258789	30.68400001525879	30.59000015258789	30.639999389648438	150500
2023-05-26	30.610000610351562	30.809999465942383	30.610000610351562	30.770000457763672	24800
2023-05-30	30.8439998626709	30.8439998626709	30.75200080871582	30.809999465942383	70000
2023-05-31	30.770000457763672	30.799999237060547	30.65999984741211	30.790000915527344	33100
2023-06-01	30.860000610351562	30.917999267578125	30.770999908447266	30.90999984741211	69000
2023-06-02	31.0	31.030000686645508	30.899999618530273	30.989999771118164	127900
2023-06-05	31.06999969482422	31.690000534057617	30.94099998474121	30.959999084472656	45300
2023-06-06	31.010000228881836	31.079999923706055	30.969999313354492	31.020000457763672	25400
2023-06-07	31.020000457763672	31.110000610351562	30.979999542236328	31.06999969482422	45400
2023-06-08	31.100000381469727	31.139999389648438	31.010000228881836	31.059999465942383	33500
2023-06-09	31.170000076293945	31.170000076293945	31.059999465942383	31.09000015258789	10900
2023-06-12	31.200000762939453	31.219999313354492	31.079999923706055	31.170000076293945	171500
2023-06-13	31.280000686645508	31.280000686645508	31.18000030517578	31.2450008392334	57300
2023-06-14	31.243999481201172	31.290000915527344	31.18000030517578	31.270000457763672	24700
2023-06-15	31.280000686645508	31.350000381469727	31.170000076293945	31.34000015258789	20500
2023-06-16	31.420000076293945	31.420000076293945	31.27199935913086	31.309999465942383	23700
2023-06-20	31.309999465942383	31.309999465942383	31.190000534057617	31.290000915527344	476000
2023-06-21	31.190000534057617	31.329999923706055	31.190000534057617	31.190000534057617	78100
2023-06-22	31.16200065612793	31.260000228881836	31.15999984741211	31.229999542236328	135300
2023-06-23	31.170000076293945	31.280000686645508	31.170000076293945	31.239999771118164	36400
2023-06-26	31.235000610351562	31.280000686645508	31.18000030517578	31.18000030517578	128000
2023-06-27	31.25	31.360000610351562	31.209999084472656	31.290000915527344	21800
2023-06-28	31.295000076293945	31.3700008392334	31.270000457763672	31.339000701904297	68100
2023-06-29	31.368000030517578	31.40999984741211	31.299999237060547	31.363000869750977	195500
2023-06-30	31.389999389648438	31.506000518798828	31.389999389648438	31.458999633789062	262200
2023-07-03	31.40999984741211	31.507999420166016	31.40999984741211	31.459999084472656	3200
2023-07-05	31.350000381469727	31.510000228881836	31.350000381469727	31.399999618530273	22100
2023-07-06	31.43000030517578	31.43000030517578	31.28499984741211	31.360000610351562	71100
2023-07-07	31.420000076293945	31.469999313354492	31.350000381469727	31.350000381469727	16500
2023-07-10	31.31999969482422	31.448999404907227	31.31999969482422	31.385000228881836	24500
2023-07-11	31.3799991607666	31.5	31.3799991607666	31.440000534057617	31400
2023-07-12	31.510000228881836	31.579999923706055	31.5	31.540000915527344	11200
2023-07-13	31.540000915527344	31.639999389648438	31.531999588012695	31.639999389648438	42400
2023-07-14	31.68000030517578	31.68000030517578	31.559999465942383	31.600000381469727	13000
2023-07-17	31.604999542236328	31.648000717163086	31.559999465942383	31.614999771118164	23300
2023-07-18	31.68000030517578	31.690000534057617	31.579999923706055	31.65999984741211	27900
2023-07-19	31.6299991607666	31.719999313354492	31.6299991607666	31.700000762939453	60100
2023-07-20	31.709999084472656	31.709999084472656	31.59000015258789	31.65999984741211	52300
2023-07-21	31.56999969482422	31.697999954223633	31.56999969482422	31.6299991607666	86600
2023-07-24	31.6299991607666	31.709999084472656	31.6299991607666	31.649999618530273	29500
2023-07-25	31.65999984741211	31.72800064086914	31.639999389648438	31.709999084472656	17700
2023-07-26	31.709999084472656	31.719999313354492	31.639999389648438	31.709999084472656	29800
2023-07-27	31.700000762939453	31.76799964904785	31.59000015258789	31.610000610351562	14000
2023-07-28	31.690000534057617	31.757999420166016	31.690000534057617	31.71500015258789	25300
2023-07-31	31.799999237060547	31.799999237060547	31.68000030517578	31.709999084472656	6800
2023-08-01	31.770000457763672	31.770000457763672	31.649999618530273	31.65999984741211	19500
2023-08-02	31.6200008392334	31.648000717163086	31.56999969482422	31.56999969482422	13600
2023-08-03	31.6299991607666	31.6299991607666	31.549999237060547	31.600000381469727	6800
2023-08-04	31.600000381469727	31.670000076293945	31.530000686645508	31.530000686645508	4500
2023-08-07	31.610000610351562	31.65999984741211	31.59000015258789	31.6200008392334	53200
2023-08-08	31.65999984741211	31.65999984741211	31.5	31.6200008392334	5000
2023-08-09	31.59000015258789	31.68000030517578	31.549999237060547	31.6200008392334	10600
2023-08-10	31.71299934387207	31.71299934387207	31.559999465942383	31.56999969482422	7100
2023-08-11	31.6299991607666	31.638999938964844	31.559999465942383	31.579999923706055	5200
2023-08-14	31.649999618530273	31.65999984741211	31.56999969482422	31.6299991607666	39700
2023-08-15	31.670000076293945	31.670000076293945	31.549999237060547	31.549999237060547	19800
2023-08-16	31.6299991607666	31.649999618530273	31.489999771118164	31.489999771118164	16700
2023-08-17	31.52400016784668	31.559999465942383	31.42799949645996	31.450000762939453	6200
2023-08-18	31.3799991607666	31.516000747680664	31.3799991607666	31.516000747680664	30700
2023-08-21	31.540000915527344	31.549999237060547	31.450000762939453	31.53499984741211	7200
2023-08-22	31.549999237060547	31.549999237060547	31.469999313354492	31.489999771118164	349600
2023-08-23	31.520000457763672	31.631999969482422	31.520000457763672	31.59000015258789	20500
2023-08-24	31.610000610351562	31.670000076293945	31.510000228881836	31.520000457763672	21500
2023-08-25	31.575000762939453	31.618000030517578	31.531999588012695	31.579999923706055	35500
2023-08-28	31.690000534057617	31.690000534057617	31.610000610351562	31.660999298095703	18300
2023-08-29	31.690000534057617	31.81999969482422	31.690000534057617	31.760000228881836	25900
2023-08-30	31.780000686645508	31.860000610351562	31.780000686645508	31.790000915527344	20200
2023-08-31	31.799999237060547	31.892000198364258	31.799999237060547	31.8799991607666	80600
2023-09-01	31.860000610351562	31.91200065612793	31.850000381469727	31.885000228881836	4600
2023-09-05	31.844999313354492	31.902000427246094	31.81999969482422	31.899999618530273	25100
2023-09-06	31.889999389648438	31.889999389648438	31.760000228881836	31.780000686645508	14000
2023-09-07	31.799999237060547	31.850000381469727	31.75	31.84000015258789	9000
2023-09-08	31.780000686645508	31.899999618530273	31.780000686645508	31.8700008392334	5900
2023-09-11	31.90999984741211	31.93899917602539	31.81999969482422	31.860000610351562	12800
2023-09-12	31.93199920654297	31.93199920654297	31.81999969482422	31.899999618530273	20800
2023-09-13	31.829999923706055	31.940000534057617	31.829999923706055	31.889999389648438	41200
2023-09-14	31.906999588012695	31.989999771118164	31.906999588012695	31.979999542236328	17200
2023-09-15	31.899999618530273	31.915000915527344	31.843000411987305	31.843000411987305	13100
2023-09-18	31.875	31.899999618530273	31.860000610351562	31.860000610351562	16500
2023-09-19	31.850000381469727	31.8799991607666	31.850000381469727	31.850000381469727	14100
2023-09-20	31.8799991607666	31.9689998626709	31.84000015258789	31.860000610351562	35500
2023-09-21	31.719999313354492	31.780000686645508	31.65999984741211	31.690000534057617	11000
2023-09-22	31.68000030517578	31.780000686645508	31.649999618530273	31.68000030517578	11000
2023-09-25	31.530000686645508	31.68400001525879	31.530000686645508	31.670000076293945	12700
2023-09-26	31.656999588012695	31.656999588012695	31.492000579833984	31.56999969482422	8800
2023-09-27	31.5	31.577999114990234	31.440000534057617	31.510000228881836	46500
2023-09-28	31.549999237060547	31.66699981689453	31.549999237060547	31.645000457763672	13000
2023-09-29	31.700000762939453	31.739999771118164	31.58099937438965	31.639999389648438	96000
2023-10-02	31.59000015258789	31.652000427246094	31.549999237060547	31.62299919128418	24500
2023-10-03	31.575000762939453	31.600000381469727	31.389999389648438	31.444000244140625	45500
2023-10-04	31.485000610351562	31.59000015258789	31.440000534057617	31.520000457763672	48700
2023-10-05	31.530000686645508	31.59000015258789	31.475000381469727	31.530000686645508	3700
2023-10-06	31.420000076293945	31.709999084472656	31.420000076293945	31.704999923706055	6600
2023-10-09	31.610000610351562	31.75	31.610000610351562	31.725000381469727	10500
2023-10-10	31.739999771118164	31.84000015258789	31.739999771118164	31.790000915527344	11500
2023-10-11	31.889999389648438	31.889999389648438	31.809999465942383	31.863000869750977	6500
2023-10-12	31.895999908447266	31.920000076293945	31.73200035095215	31.8799991607666	156500
2023-10-13	31.764999389648438	31.799999237060547	31.68000030517578	31.753999710083008	11000
2023-10-16	31.801000595092773	31.8799991607666	31.801000595092773	31.854999542236328	5200
2023-10-17	31.850000381469727	31.8700008392334	31.790000915527344	31.83300018310547	13200
2023-10-18	31.861000061035156	31.861000061035156	31.670000076293945	31.70800018310547	7400
2023-10-19	31.68000030517578	31.75	31.6299991607666	31.645000457763672	3000
2023-10-20	31.600000381469727	31.600000381469727	31.489999771118164	31.5049991607666	15500
2023-10-23	31.43000030517578	31.65999984741211	31.43000030517578	31.520000457763672	15000
2023-10-24	31.579999923706055	31.660999298095703	31.559999465942383	31.6200008392334	17000
2023-10-25	31.56999969482422	31.59000015258789	31.440000534057617	31.450000762939453	11500
2023-10-26	31.399999618530273	31.40999984741211	31.290000915527344	31.299999237060547	12800
2023-10-27	31.3700008392334	31.406999588012695	31.219999313354492	31.2549991607666	658400
2023-10-30	31.360000610351562	31.479999542236328	31.360000610351562	31.474000930786133	18700
2023-10-31	31.4950008392334	31.59600067138672	31.459999084472656	31.59600067138672	8000
2023-11-01	31.65999984741211	31.719999313354492	31.610000610351562	31.719999313354492	20200
2023-11-02	31.850000381469727	31.94499969482422	31.850000381469727	31.920000076293945	27000
2023-11-03	32.06100082397461	32.119998931884766	32.03300094604492	32.040000915527344	16100
2023-11-06	32.04999923706055	32.11000061035156	32.029998779296875	32.060001373291016	12500
2023-11-07	32.07400131225586	32.130001068115234	32.060001373291016	32.09000015258789	13200
2023-11-08	32.13999938964844	32.150001525878906	32.0620002746582	32.11000061035156	12400
2023-11-09	32.099998474121094	32.150001525878906	32.04499816894531	32.04499816894531	7900
2023-11-10	32.099998474121094	32.25	32.099998474121094	32.20000076293945	20300
2023-11-13	32.16999816894531	32.27000045776367	32.16999816894531	32.23099899291992	6100
2023-11-14	32.400001525878906	32.41999816894531	32.31100082397461	32.34000015258789	29500
2023-11-15	32.34000015258789	32.43000030517578	32.33000183105469	32.34000015258789	43300
2023-11-16	32.41400146484375	32.41999816894531	32.33000183105469	32.36000061035156	10200
2023-11-17	32.369998931884766	32.45000076293945	32.369998931884766	32.38999938964844	9900
2023-11-20	32.38999938964844	32.52000045776367	32.38999938964844	32.52000045776367	96300
2023-11-21	32.43000030517578	32.5	32.40999984741211	32.459999084472656	47200
2023-11-22	32.619998931884766	32.619998931884766	32.459999084472656	32.470001220703125	9200
2023-11-24	32.494998931884766	32.494998931884766	32.47999954223633	32.47999954223633	700
2023-11-27	32.5	32.55099868774414	32.47100067138672	32.4900016784668	9100
2023-11-28	32.4900016784668	32.553001403808594	32.47100067138672	32.5	31600
2023-11-29	32.529998779296875	32.599998474121094	32.5	32.53499984741211	4700
2023-11-30	32.5099983215332	32.58000183105469	32.4900016784668	32.54499816894531	137600
2023-12-01	32.560001373291016	32.630001068115234	32.525001525878906	32.53099822998047	21600
2023-12-04	32.551998138427734	32.608001708984375	32.52000045776367	32.608001708984375	9400
2023-12-05	32.5629997253418	32.58599853515625	32.540000915527344	32.56999969482422	9100
2023-12-06	32.560001373291016	32.59000015258789	32.540000915527344	32.56999969482422	5000
2023-12-07	32.619998931884766	32.64899826049805	32.540000915527344	32.60499954223633	22300
2023-12-08	32.599998474121094	32.65800094604492	32.59000015258789	32.63999938964844	6900
2023-12-11	32.59000015258789	32.70000076293945	32.59000015258789	32.65999984741211	126300
2023-12-12	32.63999938964844	32.7400016784668	32.630001068115234	32.689998626708984	33300
2023-12-13	32.66999816894531	32.77000045776367	32.66999816894531	32.7599983215332	158300
2023-12-14	32.720001220703125	32.790000915527344	32.720001220703125	32.7599983215332	19400
2023-12-15	32.709999084472656	32.7859992980957	32.709999084472656	32.76499938964844	27800
2023-12-18	32.79999923706055	32.79999923706055	32.720001220703125	32.72999954223633	39500
2023-12-19	32.72999954223633	32.79999923706055	32.72999954223633	32.76499938964844	20700
2023-12-20	32.83000183105469	32.83000183105469	32.68000030517578	32.779998779296875	151300
2023-12-21	32.790000915527344	32.790000915527344	32.69499969482422	32.72999954223633	24800
2023-12-22	32.7400016784668	32.814998626708984	32.72999954223633	32.775001525878906	19100
2023-12-26	32.75	32.83000183105469	32.7400016784668	32.790000915527344	25600
2023-12-27	32.869998931884766	33.08000183105469	32.71500015258789	32.790000915527344	17600
2023-12-28	32.790000915527344	32.849998474121094	32.779998779296875	32.814998626708984	19500
2023-12-29	32.88999938964844	32.88999938964844	32.810001373291016	32.880001068115234	43000
2024-01-02	32.81999969482422	32.869998931884766	32.790000915527344	32.81999969482422	104900
2024-01-03	32.790000915527344	32.86000061035156	32.790000915527344	32.810001373291016	142100
2024-01-04	32.83000183105469	32.880001068115234	32.79999923706055	32.81999969482422	22000
2024-01-05	32.77199935913086	32.900001525878906	32.77199935913086	32.8650016784668	14600
2024-01-08	32.888999938964844	32.91999816894531	32.84000015258789	32.88999938964844	15100
2024-01-09	32.86000061035156	32.939998626708984	32.86000061035156	32.869998931884766	10500
2024-01-10	32.88999938964844	32.959999084472656	32.880001068115234	32.95500183105469	43900
2024-01-11	32.81999969482422	32.970001220703125	32.81999969482422	32.91999816894531	102200
2024-01-12	32.91999816894531	32.9630012512207	32.9010009765625	32.91999816894531	12400
2024-01-16	32.86000061035156	32.959999084472656	32.86000061035156	32.90999984741211	100400
2024-01-17	32.88999938964844	32.95000076293945	32.880001068115234	32.900001525878906	49300
2024-01-18	32.88999938964844	32.95000076293945	32.88999938964844	32.95000076293945	10100
2024-01-19	32.93000030517578	33.0	32.93000030517578	32.959999084472656	72200
2024-01-22	32.95000076293945	32.97999954223633	32.95000076293945	32.970001220703125	89900
2024-01-23	32.91999816894531	33.0	32.91999816894531	32.97999954223633	212400
2024-01-24	32.970001220703125	33.040000915527344	32.959999084472656	33.040000915527344	33200
2024-01-25	32.99100112915039	33.040000915527344	32.970001220703125	32.9900016784668	68500
2024-01-26	32.9900016784668	33.02899932861328	32.98099899291992	33.0	17700
2024-01-29	32.9900016784668	33.060001373291016	32.9900016784668	33.0099983215332	19700
2024-01-30	33.02000045776367	33.029998779296875	33.01499938964844	33.01499938964844	37500
2024-01-31	33.03499984741211	33.03499984741211	33.000999450683594	33.0099983215332	5000
2024-02-01	33.0	33.042999267578125	33.0	33.029998779296875	23900
2024-02-02	33.02000045776367	33.08599853515625	33.02000045776367	33.040000915527344	98400
2024-02-05	33.029998779296875	33.11000061035156	33.02000045776367	33.04999923706055	10700
2024-02-06	33.040000915527344	33.099998474121094	33.029998779296875	33.04999923706055	5300
2024-02-07	33.04999923706055	33.08700180053711	33.02000045776367	33.060001373291016	26800
2024-02-08	33.060001373291016	33.12099838256836	33.04999923706055	33.06999969482422	61300
2024-02-09	33.10499954223633	33.14099884033203	33.08000183105469	33.10499954223633	295900
2024-02-12	33.130001068115234	33.130001068115234	33.06100082397461	33.10499954223633	3200
2024-02-13	33.040000915527344	33.167999267578125	33.040000915527344	33.095001220703125	8000
2024-02-14	33.09000015258789	33.117000579833984	33.06999969482422	33.10499954223633	11800
2024-02-15	33.08000183105469	33.13600158691406	33.08000183105469	33.12099838256836	5500
2024-02-16	33.08000183105469	33.18000030517578	33.08000183105469	33.13999938964844	77100
2024-02-20	33.11000061035156	33.18000030517578	33.099998474121094	33.150001525878906	36400
2024-02-21	33.14500045776367	33.14500045776367	33.111000061035156	33.125	10000
2024-02-22	33.16999816894531	33.189998626708984	33.130001068115234	33.150001525878906	11200
2024-02-23	33.13999938964844	33.209999084472656	33.13999938964844	33.14500045776367	9000
2024-02-26	33.194000244140625	33.194000244140625	33.13999938964844	33.18000030517578	13000
2024-02-27	33.150001525878906	33.189998626708984	33.150001525878906	33.16999816894531	40900
2024-02-28	33.150001525878906	33.20000076293945	33.150001525878906	33.17499923706055	16000
2024-02-29	33.220001220703125	33.220001220703125	33.16999816894531	33.220001220703125	18500
2024-03-01	33.279998779296875	33.279998779296875	33.17100143432617	33.189998626708984	11200
2024-03-04	33.29999923706055	33.29999923706055	33.18000030517578	33.209999084472656	19000
2024-03-05	33.20000076293945	33.22999954223633	33.18000030517578	33.20500183105469	59000
2024-03-06	33.18000030517578	33.27000045776367	33.18000030517578	33.25	40900
2024-03-07	33.220001220703125	33.27799987792969	33.18000030517578	33.20000076293945	15800
2024-03-08	33.244998931884766	33.290000915527344	33.20000076293945	33.220001220703125	20200
2024-03-11	33.220001220703125	33.255001068115234	33.20000076293945	33.220001220703125	11900
2024-03-12	33.2599983215332	33.28900146484375	33.20000076293945	33.279998779296875	271400
2024-03-13	33.220001220703125	33.310001373291016	33.209999084472656	33.22999954223633	26100
2024-03-14	33.220001220703125	33.290000915527344	33.209999084472656	33.279998779296875	265200
2024-03-15	33.220001220703125	33.310001373291016	33.220001220703125	33.279998779296875	196300
2024-03-18	33.31999969482422	33.400001525878906	33.29999923706055	33.36000061035156	328100
2024-03-19	33.400001525878906	33.45000076293945	33.29999923706055	33.42399978637695	45900
2024-03-20	33.5099983215332	33.57500076293945	33.38199996948242	33.53200149536133	18700
2024-03-21	33.68000030517578	33.68000030517578	33.58000183105469	33.61000061035156	179400
2024-03-22	33.650001525878906	33.650001525878906	33.52000045776367	33.560001373291016	23600
2024-03-25	33.709999084472656	33.709999084472656	33.5	33.52000045776367	27500
2024-03-26	33.65999984741211	33.65999984741211	33.5	33.5	50700
2024-03-27	33.5099983215332	33.6349983215332	33.5099983215332	33.61000061035156	19900
2024-03-28	33.7400016784668	33.7400016784668	33.599998474121094	33.619998931884766	36400
2024-04-01	33.58000183105469	33.689998626708984	33.551998138427734	33.59000015258789	42400
2024-04-02	33.560001373291016	33.560001373291016	33.459999084472656	33.52899932861328	18300
2024-04-03	33.52000045776367	33.604000091552734	33.5	33.529998779296875	28400
2024-04-04	33.63600158691406	33.66999816894531	33.36000061035156	33.36000061035156	29400
2024-04-05	33.58000183105469	33.58000183105469	33.43000030517578	33.4900016784668	77400
2024-04-08	33.525001525878906	33.58000183105469	33.5099983215332	33.52000045776367	19900
2024-04-09	33.689998626708984	33.689998626708984	33.470001220703125	33.599998474121094	153900
2024-04-10	33.40999984741211	33.4900016784668	33.36000061035156	33.45000076293945	28200
2024-04-11	33.400001525878906	33.551998138427734	33.33000183105469	33.4900016784668	24500
2024-04-12	33.459999084472656	33.459999084472656	33.2869987487793	33.32600021362305	10700
2024-04-15	33.40999984741211	33.40999984741211	33.119998931884766	33.143001556396484	22400
2024-04-16	33.119998931884766	33.22999954223633	33.099998474121094	33.099998474121094	19600
2024-04-17	33.17499923706055	33.189998626708984	33.02000045776367	33.08000183105469	20200
2024-04-18	33.119998931884766	33.16999816894531	32.97999954223633	33.04999923706055	62900
2024-04-19	33.02000045776367	33.02000045776367	32.891998291015625	32.939998626708984	53300
2024-04-22	33.040000915527344	33.20000076293945	32.941001892089844	33.07899856567383	36200
2024-04-23	33.18000030517578	33.310001373291016	33.16999816894531	33.27000045776367	76300
2024-04-24	33.36000061035156	33.369998931884766	33.224998474121094	33.27000045776367	26800
2024-04-25	33.0099983215332	33.27000045776367	33.0099983215332	33.20000076293945	24400
2024-04-26	33.279998779296875	33.44300079345703	33.279998779296875	33.369998931884766	144300
2024-04-29	33.36000061035156	33.470001220703125	33.36000061035156	33.452999114990234	13600
2024-04-30	33.33000183105469	33.35300064086914	33.27000045776367	33.27000045776367	11800
2024-05-01	33.15999984741211	33.38100051879883	33.14500045776367	33.150001525878906	12900
2024-05-02	33.310001373291016	33.34000015258789	33.185001373291016	33.29399871826172	4700
2024-05-03	33.47999954223633	33.558998107910156	33.47999954223633	33.51499938964844	8600
2024-05-06	33.619998931884766	33.65999984741211	33.59000015258789	33.63999938964844	22100
2024-05-07	33.65999984741211	33.7400016784668	33.650001525878906	33.709999084472656	64300
2024-05-08	33.63999938964844	33.75	33.63999938964844	33.720001220703125	16500
2024-05-09	33.65999984741211	33.79999923706055	33.65999984741211	33.790000915527344	20200
2024-05-10	33.79999923706055	33.849998474121094	33.779998779296875	33.8120002746582	16000
2024-05-13	33.81999969482422	33.880001068115234	33.7599983215332	33.83000183105469	30600
2024-05-14	33.779998779296875	33.91999816894531	33.779998779296875	33.86000061035156	19000
2024-05-15	33.96500015258789	34.08000183105469	33.900001525878906	34.029998779296875	34700
2024-05-16	34.099998474121094	34.11000061035156	34.0	34.0	7300
2024-05-17	34.0099983215332	34.06999969482422	34.0	34.040000915527344	10500
2024-05-20	34.08000183105469	34.13999938964844	34.060001373291016	34.07099914550781	14700
2024-05-21	34.130001068115234	34.15999984741211	34.07699966430664	34.150001525878906	15400
2024-05-22	34.09000015258789	34.150001525878906	34.029998779296875	34.084999084472656	14300
2024-05-23	34.20000076293945	34.20000076293945	33.95000076293945	34.02000045776367	8300
2024-05-24	34.119998931884766	34.13999938964844	34.06999969482422	34.11000061035156	15500
2024-05-28	34.13999938964844	34.13999938964844	34.02000045776367	34.10599899291992	15500
2024-05-29	34.08000183105469	34.09000015258789	34.0099983215332	34.03300094604492	14100
2024-05-30	33.97999954223633	34.016998291015625	33.93000030517578	33.939998626708984	3200
2024-05-31	34.005001068115234	34.07500076293945	33.840999603271484	34.07500076293945	5200
2024-06-03	34.06999969482422	34.06999969482422	33.9900016784668	34.06999969482422	10800
2024-06-04	34.04999923706055	34.119998931884766	34.040000915527344	34.119998931884766	5400
2024-06-05	34.183998107910156	34.24800109863281	34.18000030517578	34.24800109863281	2900
2024-06-06	34.2400016784668	34.279998779296875	34.209999084472656	34.25	45700
2024-06-07	34.189998626708984	34.290000915527344	34.189998626708984	34.25	3100
2024-06-10	34.20000076293945	34.279998779296875	34.20000076293945	34.275001525878906	6100
2024-06-11	34.209999084472656	34.34000015258789	34.209999084472656	34.34000015258789	3600
2024-06-12	34.369998931884766	34.459999084472656	34.369998931884766	34.446998596191406	4000
2024-06-13	34.44599914550781	34.4900016784668	34.369998931884766	34.41999816894531	8400
2024-06-14	34.43000030517578	34.44499969482422	34.38999938964844	34.43000030517578	6600
2024-06-17	34.400001525878906	34.56999969482422	34.400001525878906	34.52399826049805	8000
2024-06-18	34.5	34.58000183105469	34.5	34.540000915527344	25600
2024-06-20	34.540000915527344	34.58000183105469	34.474998474121094	34.512001037597656	7000
2024-06-21	34.47999954223633	34.52000045776367	34.459999084472656	34.52000045776367	9900
2024-06-24	34.56999969482422	34.56999969482422	34.47999954223633	34.48699951171875	10300
2024-06-25	34.499000549316406	34.53200149536133	34.46099853515625	34.53200149536133	34200
2024-06-26	34.58000183105469	34.58000183105469	34.47999954223633	34.56999969482422	9300
2024-06-27	34.52000045776367	34.58399963378906	34.52000045776367	34.577999114990234	3600
2024-06-28	34.65599822998047	34.65599822998047	34.54999923706055	34.57099914550781	5500
2024-07-01	34.5099983215332	34.619998931884766	34.5099983215332	34.60900115966797	12100
2024-07-02	34.560001373291016	34.67499923706055	34.560001373291016	34.67499923706055	8700
2024-07-03	34.650001525878906	34.70800018310547	34.650001525878906	34.70800018310547	600
2024-07-05	34.63999938964844	34.78300094604492	34.63999938964844	34.77799987792969	2800
2024-07-08	34.775001525878906	34.792999267578125	34.72999954223633	34.792999267578125	22600
2024-07-09	34.790000915527344	34.83000183105469	34.779998779296875	34.79600143432617	20000
2024-07-10	34.81999969482422	34.880001068115234	34.81999969482422	34.87799835205078	11900
2024-07-11	34.86000061035156	34.86000061035156	34.79999923706055	34.82699966430664	6700
2024-07-12	34.880001068115234	34.939998626708984	34.880001068115234	34.88800048828125	2600
2024-07-15	34.90800094604492	34.95000076293945	34.88999938964844	34.90599822998047	5200
2024-07-16	34.95000076293945	34.959999084472656	34.939998626708984	34.957000732421875	1800
2024-07-17	34.83000183105469	34.856998443603516	34.83000183105469	34.83000183105469	4300
2024-07-18	34.86000061035156	34.86000061035156	34.720001220703125	34.75299835205078	6100
2024-07-19	34.78499984741211	34.78499984741211	34.689998626708984	34.70399856567383	7000
2024-07-22	34.72999954223633	34.849998474121094	34.72999954223633	34.83399963378906	11300
2024-07-23	34.85499954223633	34.880001068115234	34.81800079345703	34.81800079345703	3400
2024-07-24	34.79999923706055	34.79999923706055	34.529998779296875	34.5629997253418	13800
2024-07-25	34.56999969482422	34.64400100708008	34.512001037597656	34.56999969482422	4200
2024-07-26	34.560001373291016	34.720001220703125	34.560001373291016	34.6609992980957	8600
2024-07-29	34.66999816894531	34.72100067138672	34.63999938964844	34.69200134277344	17100
2024-07-30	34.59000015258789	34.654998779296875	34.59000015258789	34.654998779296875	17000
2024-07-31	34.78499984741211	34.8489990234375	34.72999954223633	34.808998107910156	94900
2024-08-01	34.8650016784668	34.88999938964844	34.58000183105469	34.619998931884766	4000
2024-08-02	34.47999954223633	34.47999954223633	34.24800109863281	34.3650016784668	4200
2024-08-05	33.5099983215332	34.06999969482422	33.5099983215332	33.79999923706055	26800
2024-08-06	33.81999969482422	34.310001373291016	33.81999969482422	34.1349983215332	38200
2024-08-07	34.38999938964844	34.38999938964844	33.99399948120117	33.99399948120117	2200
2024-08-08	34.27000045776367	34.36000061035156	34.13999938964844	34.314998626708984	9900
2024-08-09	34.439998626708984	34.45500183105469	34.349998474121094	34.45000076293945	3900
2024-08-12	34.470001220703125	34.58000183105469	34.459999084472656	34.492000579833984	11900
2024-08-13	34.619998931884766	34.736000061035156	34.619998931884766	34.736000061035156	4600
2024-08-14	34.75	34.83000183105469	34.72999954223633	34.810001373291016	6400
2024-08-15	34.81999969482422	35.0099983215332	34.81999969482422	34.97100067138672	6200
2024-08-16	34.97999954223633	35.060001373291016	34.97999954223633	35.00899887084961	4300
2024-08-19	34.99100112915039	35.10100173950195	34.99100112915039	35.10100173950195	9700
2024-08-20	35.18000030517578	35.18000030517578	35.04100036621094	35.04999923706055	9300
2024-08-21	35.060001373291016	35.11000061035156	35.060001373291016	35.11000061035156	3100
2024-08-22	35.1349983215332	35.1349983215332	34.97999954223633	35.00400161743164	15500
2024-08-23	35.06700134277344	35.1609992980957	35.06700134277344	35.1609992980957	5400
2024-08-26	35.11000061035156	35.17499923706055	35.11000061035156	35.12799835205078	4900
2024-08-27	35.119998931884766	35.18000030517578	35.119998931884766	35.15999984741211	8000
2024-08-28	35.13999938964844	35.13999938964844	35.060001373291016	35.12200164794922	3000
2024-08-29	35.16999816894531	35.25	35.09000015258789	35.09000015258789	7300
2024-08-30	35.22800064086914	35.25299835205078	35.150001525878906	35.25299835205078	3600
2024-09-03	35.150001525878906	35.150001525878906	34.91999816894531	34.95100021362305	8100
2024-09-04	34.900001525878906	35.0099983215332	34.900001525878906	34.970001220703125	4100
2024-09-05	34.91999816894531	34.974998474121094	34.880001068115234	34.90999984741211	7800
2024-09-06	34.91999816894531	34.91999816894531	34.720001220703125	34.75	2800
2024-09-09	34.8849983215332	34.96799850463867	34.84000015258789	34.91299819946289	5400
2024-09-10	34.91999816894531	34.98500061035156	34.83000183105469	34.9640007019043	18700
2024-09-11	34.849998474121094	35.099998474121094	34.79999923706055	35.099998474121094	4700
2024-09-12	35.119998931884766	35.20000076293945	35.08000183105469	35.16999816894531	48000
2024-09-13	35.18000030517578	35.279998779296875	35.18000030517578	35.244998931884766	25100
2024-09-16	35.22999954223633	35.268001556396484	35.209999084472656	35.244998931884766	3100
2024-09-17	35.279998779296875	35.310001373291016	35.22999954223633	35.2599983215332	11500
2024-09-18	35.22999954223633	35.347999572753906	35.220001220703125	35.27000045776367	19200
2024-09-19	35.36000061035156	35.43199920654297	35.36000061035156	35.38999938964844	8200
2024-09-20	35.31999969482422	35.42499923706055	35.31999969482422	35.41299819946289	14300
2024-09-23	35.409000396728516	35.45000076293945	35.404998779296875	35.40999984741211	17200
2024-09-24	35.45000076293945	35.470001220703125	35.43000030517578	35.470001220703125	35500
2024-09-25	35.45199966430664	35.494998931884766	35.43199920654297	35.45000076293945	30800
2024-09-26	35.41999816894531	35.48500061035156	35.41999816894531	35.470001220703125	3400
2024-09-27	35.5	35.518001556396484	35.439998626708984	35.46799850463867	12800
2024-09-30	35.48400115966797	35.49399948120117	35.439998626708984	35.4900016784668	5300
2024-10-01	35.400001525878906	35.48099899291992	35.36000061035156	35.3849983215332	5700
2024-10-02	35.290000915527344	35.43000030517578	35.290000915527344	35.38999938964844	5700
2024-10-03	35.40999984741211	35.4119987487793	35.33000183105469	35.36000061035156	7000
2024-10-04	35.369998931884766	35.470001220703125	35.369998931884766	35.470001220703125	2600
2024-10-07	35.46900177001953	35.46900177001953	35.375999450683594	35.375999450683594	1400
2024-10-08	35.400001525878906	35.46900177001953	35.400001525878906	35.45399856567383	13100
2024-10-09	35.459999084472656	35.53499984741211	35.439998626708984	35.53499984741211	9300
2024-10-10	35.5	35.54999923706055	35.4739990234375	35.51499938964844	11500
2024-10-11	35.540000915527344	35.58300018310547	35.52000045776367	35.560001373291016	7900
2024-10-14	35.599998474121094	35.66999816894531	35.13999938964844	35.63399887084961	157900
2024-10-15	35.638999938964844	35.638999938964844	35.59600067138672	35.59600067138672	3700
2024-10-16	35.5	35.6349983215332	35.5	35.6349983215332	3700
2024-10-17	35.77000045776367	35.77000045776367	35.619998931884766	35.619998931884766	32100
2024-10-18	35.65999984741211	35.737998962402344	35.65999984741211	35.71200180053711	21600
2024-10-21	35.70000076293945	35.709999084472656	35.56999969482422	35.685001373291016	268500
2024-10-22	35.59000015258789	35.724998474121094	35.59000015258789	35.689998626708984	46400
2024-10-23	35.65999984741211	35.66999816894531	35.59000015258789	35.625	11600
2024-10-24	35.56999969482422	35.659000396728516	35.56999969482422	35.630001068115234	6300
2024-10-25	35.619998931884766	35.709999084472656	35.619998931884766	35.630001068115234	11700
2024-10-28	35.689998626708984	35.69499969482422	35.65999984741211	35.665000915527344	35700
2024-10-29	35.68199920654297	35.729000091552734	35.66999816894531	35.69599914550781	12400
2024-10-30	35.68000030517578	35.71500015258789	35.65999984741211	35.66899871826172	24900
2024-10-31	35.58000183105469	35.58000183105469	35.47999954223633	35.47999954223633	47900
2024-11-01	35.6349983215332	35.6349983215332	35.54999923706055	35.54999923706055	3700
2024-11-04	35.53499984741211	35.60300064086914	35.53499984741211	35.560001373291016	15500
2024-11-05	35.650001525878906	35.720001220703125	35.63999938964844	35.65999984741211	17600
2024-11-06	35.867000579833984	35.880001068115234	35.83000183105469	35.86000061035156	11700
2024-11-07	35.93000030517578	35.94900131225586	35.915000915527344	35.93000030517578	1900
2024-11-08	35.959999084472656	35.98500061035156	35.95000076293945	35.95500183105469	8100
2024-11-11	35.97999954223633	36.00899887084961	35.970001220703125	36.00899887084961	3200
2024-11-12	35.9900016784668	36.0099983215332	35.939998626708984	35.94499969482422	13900
2024-11-13	35.959999084472656	35.9900016784668	35.95500183105469	35.970001220703125	3400
2024-11-14	35.970001220703125	35.9900016784668	35.959999084472656	35.96799850463867	13400
2024-11-15	35.93000030517578	35.93000030517578	35.849998474121094	35.869998931884766	10500
2024-11-18	35.869998931884766	35.939998626708984	35.869998931884766	35.91999816894531	5900
2024-11-19	35.88999938964844	35.95000076293945	35.88999938964844	35.944000244140625	4200
2024-11-20	35.90999984741211	35.935001373291016	35.86000061035156	35.92399978637695	7900
2024-11-21	35.939998626708984	35.9630012512207	35.900001525878906	35.957000732421875	5700
2024-11-22	35.97999954223633	36.00600051879883	35.97100067138672	36.00600051879883	4700
2024-11-25	36.040000915527344	36.040000915527344	36.0099983215332	36.03099822998047	5100
2024-11-26	36.04999923706055	36.08000183105469	36.04999923706055	36.08000183105469	2200
2024-11-27	35.9900016784668	36.099998474121094	35.9900016784668	36.08000183105469	4500
2024-11-29	36.1150016784668	36.13999938964844	36.099998474121094	36.099998474121094	4000
2024-12-02	36.143001556396484	36.143001556396484	36.10200119018555	36.130001068115234	7400
2024-12-03	36.119998931884766	36.15399932861328	36.119998931884766	36.15299987792969	10100
2024-12-04	36.15999984741211	36.16999816894531	36.150001525878906	36.15999984741211	11900
2024-12-05	36.178001403808594	36.178001403808594	36.150001525878906	36.159000396728516	4100
2024-12-06	36.18000030517578	36.18199920654297	36.16999816894531	36.18199920654297	5500
2024-12-09	36.16999816894531	36.16999816894531	36.150001525878906	36.16299819946289	8500
2024-12-10	36.16999816894531	36.189998626708984	36.16699981689453	36.16699981689453	2600
2024-12-11	36.20000076293945	36.20000076293945	36.16999816894531	36.16999816894531	3300
2024-12-12	36.130001068115234	36.207000732421875	36.130001068115234	36.20199966430664	9600
2024-12-13	36.2400016784668	36.2400016784668	36.18000030517578	36.21799850463867	3500
2024-12-16	36.189998626708984	36.23500061035156	36.189998626708984	36.22200012207031	3200
2024-12-17	36.189998626708984	36.21799850463867	36.172000885009766	36.209999084472656	28000
2024-12-18	36.180999755859375	36.2599983215332	35.959999084472656	35.98500061035156	16800
2024-12-19	36.02000045776367	36.04999923706055	35.90999984741211	35.90999984741211	38000
2024-12-20	35.994998931884766	36.12099838256836	35.95000076293945	36.08399963378906	6800
2024-12-23	36.09000015258789	36.18600082397461	36.08000183105469	36.18600082397461	116800
2024-12-24	36.25	36.310001373291016	36.20000076293945	36.22999954223633	234000
2024-12-26	36.29899978637695	36.31999969482422	36.2400016784668	36.31999969482422	624400
2024-12-27	36.220001220703125	36.290000915527344	36.21099853515625	36.24700164794922	8600
2024-12-30	36.130001068115234	36.25	36.130001068115234	36.22100067138672	11000
2024-12-31	36.20500183105469	36.220001220703125	36.16999816894531	36.20000076293945	10000
2025-01-02	36.21099853515625	36.2599983215332	36.150001525878906	36.20000076293945	6500
2025-01-03	36.220001220703125	36.33300018310547	36.220001220703125	36.30799865722656	10000
2025-01-06	36.310001373291016	36.38999938964844	36.290000915527344	36.31999969482422	10100
2025-01-07	36.29999923706055	36.32899856567383	36.22100067138672	36.25299835205078	5100
2025-01-08	36.215999603271484	36.2869987487793	36.20000076293945	36.266998291015625	44700
2025-01-10	36.15999984741211	36.24399948120117	36.150001525878906	36.191001892089844	16000
2025-01-13	36.130001068115234	36.2599983215332	36.130001068115234	36.24700164794922	7100
2025-01-14	36.2400016784668	36.279998779296875	36.2400016784668	36.2400016784668	2000
2025-01-15	36.38999938964844	36.400001525878906	36.34000015258789	36.375	13900
2025-01-16	36.369998931884766	36.439998626708984	36.36000061035156	36.39500045776367	7300
2025-01-17	36.45000076293945	36.459999084472656	36.4010009765625	36.402000427246094	24400
2025-01-21	36.402000427246094	36.520999908447266	36.402000427246094	36.459999084472656	27500
2025-01-22	36.41999816894531	36.553001403808594	36.41999816894531	36.5099983215332	10700
2025-01-23	36.47999954223633	36.529998779296875	36.47999954223633	36.52399826049805	11500
2025-01-24	36.5	36.59000015258789	36.4900016784668	36.53499984741211	8100
2025-01-27	36.439998626708984	36.470001220703125	36.40999984741211	36.42499923706055	27100
2025-01-28	36.470001220703125	36.529998779296875	36.470001220703125	36.505001068115234	5100
2025-01-29	36.439998626708984	36.59000015258789	36.439998626708984	36.51499938964844	7400
2025-01-30	36.54399871826172	36.56999969482422	36.52000045776367	36.52000045776367	3200
2025-01-31	36.57400131225586	36.58599853515625	36.52000045776367	36.529998779296875	10000
2025-02-03	36.43000030517578	36.529998779296875	36.43000030517578	36.47999954223633	75500
2025-02-04	36.459999084472656	36.55500030517578	36.459999084472656	36.54999923706055	8500
2025-02-05	36.5	36.56800079345703	36.5	36.560001373291016	1500
2025-02-06	36.650001525878906	36.650001525878906	36.560001373291016	36.584999084472656	7700
2025-02-07	36.61000061035156	36.64899826049805	36.56999969482422	36.595001220703125	7300
2025-02-10	36.59000015258789	36.650001525878906	36.59000015258789	36.595001220703125	10600
2025-02-11	36.619998931884766	36.63999938964844	36.58000183105469	36.62799835205078	6600
2025-02-12	36.66999816894531	36.66999816894531	36.61000061035156	36.62900161743164	43900
2025-02-13	36.680999755859375	36.680999755859375	36.611000061035156	36.650001525878906	3000
2025-02-14	36.7130012512207	36.720001220703125	36.650001525878906	36.67499923706055	24500
