Date	Close	High	Low	Open	Volume
	ELAN	ELAN	ELAN	ELAN	ELAN
2018-09-20	36.00	36.01	32.05	32.25	40182700
2018-09-21	34.10	35.49	33.88	34.56	9269500
2018-09-24	34.90	35.65	33.70	34.10	2769100
2018-09-25	34.58	34.99	34.06	34.76	3152200
2018-09-26	35.50	35.98	34.25	34.35	5835600
2018-09-27	36.19	37.61	35.67	37.61	2949700
2018-09-28	34.89	36.21	34.75	36.00	1321500
2018-10-01	33.73	35.48	32.71	35.48	4374400
2018-10-02	33.42	34.35	32.89	33.64	2128000
2018-10-03	34.25	34.30	32.75	33.40	1116500
2018-10-04	34.02	35.41	33.04	34.21	1226700
2018-10-05	34.34	34.50	33.25	34.14	1488700
2018-10-08	34.01	34.64	33.85	34.00	963200
2018-10-09	34.32	34.95	33.55	34.01	1131500
2018-10-10	33.53	34.48	33.25	34.45	1610300
2018-10-11	32.39	33.76	31.76	33.51	1504200
2018-10-12	32.58	33.86	32.00	32.66	1324800
2018-10-15	32.46	32.49	31.50	32.49	2530000
2018-10-16	32.61	32.80	32.01	32.54	892500
2018-10-17	32.93	32.93	31.44	32.49	721300
2018-10-18	31.80	32.75	31.40	32.50	1102900
2018-10-19	31.61	32.38	31.33	31.87	890100
2018-10-22	31.88	32.24	31.20	31.54	747100
2018-10-23	32.44	32.88	31.27	31.80	1717700
2018-10-24	31.74	33.41	31.62	32.44	1596600
2018-10-25	31.96	32.51	31.31	31.74	927400
2018-10-26	32.43	32.87	31.60	31.73	861100
2018-10-29	30.91	32.89	30.59	32.42	1612000
2018-10-30	30.85	31.07	30.10	30.60	1496900
2018-10-31	30.48	31.50	30.27	31.32	1229100
2018-11-01	31.88	32.16	30.59	31.17	2148100
2018-11-02	33.10	33.14	31.94	32.65	1714700
2018-11-05	33.24	33.50	32.14	33.30	1651300
2018-11-06	33.81	34.65	33.25	34.30	2084400
2018-11-07	34.46	34.52	33.66	34.26	976200
2018-11-08	33.82	34.70	33.49	34.70	653300
2018-11-09	34.46	34.50	33.17	33.73	751200
2018-11-12	34.16	34.69	33.98	34.25	1012700
2018-11-13	34.50	34.85	33.92	34.29	615000
2018-11-14	34.01	34.92	33.85	34.53	362900
2018-11-15	33.09	34.29	32.81	33.76	988300
2018-11-16	34.00	34.23	32.82	33.00	409800
2018-11-19	33.80	34.17	33.54	33.83	516000
2018-11-20	33.13	33.69	32.52	32.97	594400
2018-11-21	33.16	33.55	32.89	33.53	413300
2018-11-23	33.61	33.93	32.98	33.14	183600
2018-11-26	33.00	33.78	32.74	33.68	771300
2018-11-27	32.95	33.15	32.75	32.75	395700
2018-11-28	33.48	33.89	33.01	33.21	994500
2018-11-29	33.48	34.53	32.88	33.49	1962100
2018-11-30	33.41	33.79	32.95	33.48	1325900
2018-12-03	33.75	34.66	33.60	33.71	1226600
2018-12-04	33.07	34.06	32.97	33.67	648200
2018-12-06	32.60	32.76	31.88	32.58	839700
2018-12-07	33.57	33.65	32.41	32.47	1087200
2018-12-10	33.38	34.10	32.70	33.71	982900
2018-12-11	32.96	33.90	32.91	33.50	405900
2018-12-12	32.87	33.73	32.85	33.12	915600
2018-12-13	32.54	33.30	32.45	33.09	479500
2018-12-14	32.37	32.70	31.94	32.50	607400
2018-12-17	31.76	32.30	31.24	32.07	2133000
2018-12-18	31.10	33.71	30.19	32.26	1698600
2018-12-19	31.64	31.99	30.65	30.65	1979200
2018-12-20	31.33	31.81	30.80	31.49	2465500
2018-12-21	30.00	31.98	29.59	31.37	7853900
2018-12-24	29.63	29.77	28.85	29.43	468900
2018-12-26	30.73	30.79	29.40	29.78	1398500
2018-12-27	31.19	31.30	29.88	30.44	756900
2018-12-28	31.32	31.66	30.44	31.29	1805000
2018-12-31	31.53	32.02	31.07	31.45	611900
2019-01-02	31.80	32.06	31.20	31.48	761000
2019-01-03	31.09	31.98	31.01	31.50	1041000
2019-01-04	31.83	32.15	31.17	31.24	649800
2019-01-07	32.65	32.88	31.64	31.83	738800
2019-01-08	32.51	33.20	32.28	32.87	865900
2019-01-09	32.55	33.35	32.17	32.75	1614200
2019-01-10	31.59	32.44	31.25	32.31	1378800
2019-01-11	31.96	32.06	31.12	31.40	1506100
2019-01-14	31.56	31.93	31.17	31.80	2540500
2019-01-15	31.71	32.03	31.08	31.66	2067600
2019-01-16	31.56	31.95	31.15	31.75	1645700
2019-01-17	31.75	31.94	31.33	31.56	511900
2019-01-18	31.52	32.02	30.80	31.84	2547400
2019-01-22	30.98	31.79	30.95	31.31	2107900
2019-01-23	30.38	30.93	29.78	30.53	3009000
2019-01-24	30.23	30.59	29.96	30.19	1774500
2019-01-25	30.60	30.78	30.02	30.60	1439600
2019-01-28	30.50	30.72	30.26	30.65	1267700
2019-01-29	30.50	30.66	30.12	30.36	1858200
2019-01-30	30.16	30.84	30.11	30.65	2236300
2019-01-31	29.18	30.24	28.88	30.03	3093600
2019-02-01	29.45	29.59	28.92	29.24	4237100
2019-02-04	29.65	29.91	29.16	29.75	1906400
2019-02-05	30.22	30.38	28.50	29.21	2183800
2019-02-06	29.01	29.60	28.00	28.00	6545600
2019-02-07	29.50	29.69	28.78	28.90	4958600
2019-02-08	29.69	30.29	28.73	28.75	9957100
2019-02-11	29.71	30.36	29.35	29.75	9173500
2019-02-12	29.30	29.85	28.89	29.75	9604100
2019-02-13	29.42	29.53	28.94	29.27	7078500
2019-02-14	29.34	29.95	29.16	29.51	8316900
2019-02-15	29.60	29.74	29.20	29.63	7325500
2019-02-19	29.16	29.76	29.16	29.60	6942300
2019-02-20	29.33	29.64	29.00	29.26	12650600
2019-02-21	29.04	29.58	28.90	29.58	10923100
2019-02-22	29.19	29.36	28.99	29.23	9724800
2019-02-25	29.00	29.50	28.88	29.45	10242200
2019-02-26	29.05	29.26	28.84	28.95	13069200
2019-02-27	29.72	29.95	28.94	29.10	14707400
2019-02-28	30.24	30.59	29.71	29.80	20033500
2019-03-01	31.03	31.51	30.14	30.20	23160100
2019-03-04	31.00	31.19	30.32	31.10	30316900
2019-03-05	30.46	31.04	30.23	30.99	22779200
2019-03-06	29.70	30.44	29.28	30.25	26709100
2019-03-07	29.28	29.59	29.05	29.40	17538500
2019-03-08	29.40	29.40	28.89	29.15	14068400
2019-03-11	30.70	31.30	30.25	30.63	62959400
2019-03-12	31.64	32.06	30.67	30.75	21203800
2019-03-13	31.58	31.67	30.95	31.08	18804000
2019-03-14	30.31	31.90	30.25	31.65	29569900
2019-03-15	30.64	30.69	30.06	30.32	30687200
2019-03-18	31.64	31.87	30.63	30.70	26440300
2019-03-19	32.83	33.22	31.88	32.11	16426200
2019-03-20	32.83	33.38	32.08	32.33	8119500
2019-03-21	32.48	32.95	32.01	32.61	10187400
2019-03-22	32.72	33.04	31.80	32.43	21385000
2019-03-25	32.60	32.87	32.23	32.60	5050800
2019-03-26	32.74	33.14	32.51	32.66	4001200
2019-03-27	32.69	32.94	32.24	32.57	5445700
2019-03-28	32.50	32.92	32.43	32.78	2223200
2019-03-29	32.07	32.62	31.70	32.45	4066000
2019-04-01	32.17	32.60	32.10	32.51	4624400
2019-04-02	32.44	32.97	32.09	32.17	4867000
2019-04-03	32.83	33.46	32.58	32.60	7161400
2019-04-04	32.98	33.16	32.73	32.73	2864300
2019-04-05	33.12	33.47	33.03	33.20	3704000
2019-04-08	33.42	33.45	32.80	33.20	2068100
2019-04-09	32.76	33.26	32.72	33.20	2995200
2019-04-10	32.55	32.99	32.47	32.89	3306200
2019-04-11	32.34	32.95	32.06	32.71	3255400
2019-04-12	32.57	32.78	32.39	32.52	3751000
2019-04-15	32.14	32.76	31.99	32.65	2943400
2019-04-16	31.78	32.50	31.71	32.35	2453200
2019-04-17	31.18	32.00	30.93	31.78	4064300
2019-04-18	31.11	31.52	30.75	31.33	6101800
2019-04-22	31.15	31.32	30.82	31.03	4760500
2019-04-23	31.63	31.72	31.07	31.12	3652500
2019-04-24	32.07	32.34	31.41	31.59	3288400
2019-04-25	32.39	32.57	31.81	32.07	2610800
2019-04-26	32.72	32.73	31.40	31.63	5052700
2019-04-29	32.28	32.78	32.17	32.58	3952400
2019-04-30	31.50	32.20	31.45	32.19	5158800
2019-05-01	31.44	31.78	31.37	31.51	2200400
2019-05-02	31.36	31.38	30.60	31.00	4774700
2019-05-03	32.13	32.15	31.49	31.55	3542800
2019-05-06	32.17	32.20	31.50	31.71	1494300
2019-05-07	31.12	31.93	30.63	31.93	4073200
2019-05-08	31.39	31.41	30.93	31.22	4245100
2019-05-09	32.96	33.85	32.07	32.07	6249900
2019-05-10	33.30	33.44	32.50	32.87	3686500
2019-05-13	32.15	32.86	31.79	32.81	2522100
2019-05-14	32.60	32.78	32.11	32.52	2952600
2019-05-15	32.75	32.96	32.06	32.28	1979900
2019-05-16	33.00	33.58	32.99	33.26	3057500
2019-05-17	33.04	33.41	32.55	32.76	2287900
2019-05-20	32.65	33.02	32.55	32.98	1054900
2019-05-21	32.74	32.93	32.41	32.85	2847800
2019-05-22	32.29	32.73	31.71	32.42	3517400
2019-05-23	32.39	32.55	31.89	32.15	2358600
2019-05-24	32.10	32.69	31.70	32.67	3704100
2019-05-28	31.97	32.54	31.67	32.12	4649400
2019-05-29	31.74	31.96	31.26	31.80	5402700
2019-05-30	31.51	32.02	31.19	31.82	1337200
2019-05-31	31.28	31.44	30.87	31.02	2096900
2019-06-03	31.93	31.97	31.10	31.35	1729400
2019-06-04	32.73	32.88	32.08	32.26	2090300
2019-06-05	32.90	33.16	32.51	32.88	2162100
2019-06-06	32.50	32.87	32.23	32.77	3602700
2019-06-07	32.69	33.01	32.47	32.74	1626900
2019-06-10	32.45	33.02	32.34	33.00	1915000
2019-06-11	32.57	33.32	32.34	32.55	1582800
2019-06-12	33.18	33.42	32.63	32.84	1173200
2019-06-13	32.55	33.27	32.45	33.10	1724800
2019-06-14	31.95	32.60	31.88	32.60	3199800
2019-06-17	31.49	32.20	31.49	32.07	3279700
2019-06-18	32.78	32.88	31.78	31.80	2494600
2019-06-19	33.12	33.39	32.81	32.86	2005900
2019-06-20	32.93	33.86	32.93	33.28	3078700
2019-06-21	33.73	33.80	32.99	33.25	4703200
2019-06-24	33.53	33.69	33.16	33.69	1601800
2019-06-25	34.79	34.91	33.65	33.73	6721100
2019-06-26	34.29	35.46	34.05	34.91	2971900
2019-06-27	34.26	34.85	33.72	34.43	2543600
2019-06-28	33.80	34.52	33.80	34.26	6069000
2019-07-01	34.96	34.99	34.14	34.27	2443900
2019-07-02	33.99	35.08	33.78	34.98	2245400
2019-07-03	34.75	34.79	33.86	34.04	1800200
2019-07-05	34.19	34.59	34.03	34.56	1056400
2019-07-08	33.36	34.29	32.38	34.20	4185000
2019-07-09	34.07	35.23	32.96	33.22	10117400
2019-07-10	33.16	34.24	32.78	34.12	2752400
2019-07-11	33.86	33.87	33.09	33.09	1582000
2019-07-12	33.31	33.94	32.67	33.83	1847800
2019-07-15	33.68	33.84	33.05	33.26	2373600
2019-07-16	33.35	33.90	33.25	33.68	1664000
2019-07-17	33.18	33.59	33.07	33.35	2615100
2019-07-18	32.84	33.38	32.72	33.29	1404400
2019-07-19	32.50	33.26	32.43	33.05	2475100
2019-07-22	32.19	32.67	32.14	32.55	1442800
2019-07-23	33.01	33.22	32.06	32.34	2261000
2019-07-24	33.40	33.45	32.71	32.83	1501500
2019-07-25	32.91	33.48	32.63	33.30	2893500
2019-07-26	33.16	33.32	32.90	32.90	1412100
2019-07-29	33.01	33.58	32.99	33.20	2839300
2019-07-30	33.35	33.51	32.74	32.93	1327700
2019-07-31	32.96	33.62	32.96	33.37	1774400
2019-08-01	33.06	33.57	32.51	33.10	2021600
2019-08-02	32.89	33.28	32.45	33.24	1145600
2019-08-05	31.81	32.65	31.44	32.49	1395800
2019-08-06	32.84	32.91	31.96	32.00	1815800
2019-08-07	31.47	33.92	30.99	32.51	6355800
2019-08-08	31.33	31.90	30.95	31.57	5602500
2019-08-09	30.65	31.39	30.22	31.17	4429600
2019-08-12	29.74	30.60	29.68	30.60	2740100
2019-08-13	29.85	30.83	28.60	29.61	6486700
2019-08-14	28.51	29.54	28.50	29.04	4904200
2019-08-15	29.19	29.45	28.42	28.89	3972400
2019-08-16	29.36	29.52	29.00	29.43	3469800
2019-08-19	29.81	29.95	29.38	29.57	1422900
2019-08-20	27.26	28.75	26.81	27.93	16782600
2019-08-21	26.39	27.48	26.20	27.46	10385400
2019-08-22	27.05	27.25	26.34	26.61	4225400
2019-08-23	26.41	27.78	26.38	27.10	5059300
2019-08-26	25.88	26.78	25.67	26.72	5610600
2019-08-27	25.62	26.46	25.51	26.20	8977000
2019-08-28	25.78	25.97	25.51	25.64	2476300
2019-08-29	25.93	26.26	25.54	25.77	3808800
2019-08-30	26.02	26.48	25.95	26.14	2127100
2019-09-03	26.04	26.06	25.67	25.76	4812500
2019-09-04	26.36	26.80	26.06	26.08	4234400
2019-09-05	26.49	27.09	26.42	26.95	2570700
2019-09-06	27.35	27.93	26.67	26.67	6931600
2019-09-09	26.99	27.48	26.62	27.47	6200400
2019-09-10	27.91	27.95	26.63	27.00	3260500
2019-09-11	28.74	28.83	27.67	27.77	4615100
2019-09-12	28.38	28.88	28.38	28.76	2862200
2019-09-13	28.68	28.79	28.02	28.45	5541000
2019-09-16	28.32	28.98	28.22	28.49	3310200
2019-09-17	28.08	28.33	27.98	28.20	1727900
2019-09-18	27.48	28.07	27.29	27.94	4260900
2019-09-19	27.13	27.94	27.04	27.65	3285800
2019-09-20	27.53	27.86	26.89	27.15	13023000
2019-09-23	28.07	28.37	27.60	27.74	6488700
2019-09-24	27.55	28.38	27.36	28.23	5114500
2019-09-25	26.98	27.74	26.64	27.63	7541900
2019-09-26	26.70	27.16	26.47	27.02	3065300
2019-09-27	26.40	26.96	26.28	26.72	1782300
2019-09-30	26.59	26.73	26.20	26.54	1874300
2019-10-01	26.17	26.88	25.89	26.70	3987800
2019-10-02	25.95	26.18	25.62	25.90	2889400
2019-10-03	26.85	26.86	25.84	25.84	3784400
2019-10-04	26.78	27.14	26.60	26.79	5870700
2019-10-07	26.64	26.98	26.52	26.70	2450100
2019-10-08	26.68	27.06	26.20	26.33	2678100
2019-10-09	26.82	27.11	26.66	26.74	1855800
2019-10-10	26.55	27.02	26.43	26.84	2001700
2019-10-11	26.89	27.29	26.71	26.80	2024800
2019-10-14	26.64	26.93	26.56	26.83	1265600
2019-10-15	27.11	27.25	26.51	26.80	2029300
2019-10-16	27.07	27.40	26.97	27.06	1915200
2019-10-17	26.47	27.28	26.36	27.16	4305300
2019-10-18	26.23	26.74	26.09	26.43	2419200
2019-10-21	26.36	26.76	25.97	26.39	3000900
2019-10-22	26.04	26.59	25.81	26.37	2721100
2019-10-23	26.17	26.18	25.80	26.15	1951700
2019-10-24	26.30	26.44	25.95	26.18	1876000
2019-10-25	26.87	27.02	26.22	26.27	2661900
2019-10-28	27.15	27.23	26.83	26.83	1429900
2019-10-29	27.18	27.31	26.80	27.04	1568300
2019-10-30	27.13	27.29	26.99	27.16	1246200
2019-10-31	27.02	27.38	26.94	27.12	2274400
2019-11-01	27.40	27.80	27.11	27.22	2189500
2019-11-04	27.28	27.71	27.26	27.71	2252400
2019-11-05	27.43	27.78	27.21	27.41	2791900
2019-11-06	26.68	27.00	25.99	27.00	5224500
2019-11-07	26.92	27.77	26.52	27.11	4584500
2019-11-08	27.23	27.35	26.62	26.88	3690800
2019-11-11	26.57	27.16	26.48	27.06	3654400
2019-11-12	26.21	26.98	26.13	26.76	7950700
2019-11-13	26.00	26.43	26.00	26.21	11728100
2019-11-14	25.29	26.36	25.25	26.18	6155800
2019-11-15	26.11	26.32	25.50	25.53	5279900
2019-11-18	25.54	26.32	25.50	25.95	4302900
2019-11-19	26.27	26.64	25.48	25.71	6848300
2019-11-20	26.35	26.96	26.13	26.21	4484300
2019-11-21	26.40	27.00	26.36	26.63	5575700
2019-11-22	26.79	26.95	26.35	26.41	2890600
2019-11-25	27.81	27.96	26.81	26.88	5437900
2019-11-26	27.66	28.04	27.34	27.98	3011700
2019-11-27	27.87	28.07	27.36	27.63	2067600
2019-11-29	27.71	27.99	27.66	27.70	1401300
2019-12-02	27.62	27.98	27.48	27.77	2721500
2019-12-03	27.30	27.48	27.00	27.19	1472300
2019-12-04	27.17	27.53	27.17	27.45	1509500
2019-12-05	27.16	27.24	26.74	27.16	1838700
2019-12-06	27.09	27.53	27.03	27.31	1801900
2019-12-09	26.85	27.26	26.84	27.08	3288700
2019-12-10	26.46	26.78	26.08	26.77	4661200
2019-12-11	26.79	26.86	26.26	26.27	2431300
2019-12-12	27.48	27.62	26.64	26.86	1887500
2019-12-13	27.78	27.78	27.30	27.50	3248200
2019-12-16	28.31	28.53	27.79	27.91	5532700
2019-12-17	28.76	28.78	28.13	28.29	3609700
2019-12-18	28.19	28.86	28.00	28.33	7467300
2019-12-19	28.95	29.92	28.60	29.64	6296400
2019-12-20	28.80	29.09	28.68	28.90	5499500
2019-12-23	29.07	29.20	28.73	28.92	2107200
2019-12-24	29.43	29.45	29.01	29.05	839700
2019-12-26	29.16	29.57	29.02	29.50	1490200
2019-12-27	29.34	29.44	29.06	29.24	1614500
2019-12-30	29.29	29.73	29.17	29.33	1232100
2019-12-31	29.45	29.46	29.02	29.11	1210300
2020-01-02	29.47	29.76	29.30	29.67	1664700
2020-01-03	29.10	29.59	29.00	29.03	4342300
2020-01-06	28.83	29.04	28.70	29.00	5715300
2020-01-07	28.71	28.87	28.45	28.85	3147700
2020-01-08	28.56	28.96	28.48	28.74	3899400
2020-01-09	28.04	28.55	27.61	28.53	14582100
2020-01-10	28.73	29.06	28.32	28.50	19853200
2020-01-13	28.41	28.81	27.89	28.81	5892900
2020-01-14	29.28	29.54	28.14	28.27	8520200
2020-01-15	30.84	30.97	29.29	29.33	13167700
2020-01-16	30.61	30.97	30.07	30.95	3302400
2020-01-17	30.00	30.70	29.91	30.61	5121700
2020-01-21	30.62	30.93	29.97	30.00	5789200
2020-01-22	32.23	32.35	30.93	31.00	10633000
2020-01-23	32.25	32.66	32.20	32.53	23874900
2020-01-24	31.57	32.56	31.42	32.40	10904200
2020-01-27	31.14	31.45	30.73	31.02	8684000
2020-01-28	31.56	31.83	31.04	31.24	3938700
2020-01-29	31.74	31.98	31.13	31.76	3965700
2020-01-30	31.72	31.79	31.30	31.34	3997500
2020-01-31	30.90	31.75	30.72	31.66	6828400
2020-02-03	31.30	31.33	30.64	31.02	5029000
2020-02-04	31.66	32.00	31.49	31.60	3502100
2020-02-05	31.63	32.38	31.54	31.87	3872600
2020-02-06	31.68	31.96	31.44	31.64	2246000
2020-02-07	31.39	31.86	31.38	31.60	1949500
2020-02-10	31.49	31.75	31.00	31.35	2191800
2020-02-11	31.75	31.76	31.04	31.44	2883500
2020-02-12	31.36	32.12	31.29	31.92	3277900
2020-02-13	31.12	31.73	31.07	31.19	2917700
2020-02-14	30.98	31.22	30.51	31.00	4858100
2020-02-18	30.45	31.21	30.33	31.07	5568700
2020-02-19	29.93	30.99	29.21	29.60	11282400
2020-02-20	30.23	30.26	29.36	29.82	4929900
2020-02-21	31.15	31.22	30.06	30.19	5779800
2020-02-24	30.01	30.90	29.66	30.79	6235800
2020-02-25	29.25	30.23	29.09	30.23	8640200
2020-02-26	28.77	29.55	28.66	29.40	5570400
2020-02-27	28.13	29.34	28.03	28.03	8142500
2020-02-28	27.40	27.91	26.57	27.44	10025600
2020-03-02	27.78	27.85	26.92	27.58	12378200
2020-03-03	27.06	28.30	26.85	27.94	4694000
2020-03-04	27.52	27.81	26.76	27.66	3998500
2020-03-05	26.08	27.01	25.91	26.90	4880200
2020-03-06	25.39	25.53	24.40	25.38	7542500
2020-03-09	23.89	24.75	23.19	23.90	4662600
2020-03-10	24.60	24.99	23.66	24.48	6432600
2020-03-11	23.72	24.33	23.60	24.10	4814400
2020-03-12	21.34	22.80	20.00	22.38	4972000
2020-03-13	22.43	22.45	21.12	22.32	10644700
2020-03-16	19.36	20.15	19.00	19.50	5850800
2020-03-17	19.97	20.94	19.27	19.75	7280000
2020-03-18	16.68	19.18	15.17	19.02	8554800
2020-03-19	17.47	17.62	15.55	16.67	9398900
2020-03-20	17.50	18.72	16.79	17.69	9529700
2020-03-23	16.96	17.75	16.58	17.46	6637100
2020-03-24	18.61	18.77	17.49	18.43	8163200
2020-03-25	19.62	19.98	18.64	18.85	4486100
2020-03-26	21.42	21.90	20.00	20.00	6174600
2020-03-27	21.82	22.05	20.13	20.55	4393200
2020-03-30	22.59	22.82	21.58	21.58	3337600
2020-03-31	22.39	23.15	22.12	22.64	3844000
2020-04-01	20.15	21.62	20.02	21.41	5164900
2020-04-02	20.77	20.85	19.50	19.83	5569200
2020-04-03	20.19	20.97	19.61	20.76	2206100
2020-04-06	21.98	22.15	20.96	20.96	3032900
2020-04-07	22.75	23.30	22.08	22.91	2844900
2020-04-08	23.43	23.88	22.39	22.80	3199800
2020-04-09	24.50	25.30	23.94	24.13	4815800
2020-04-13	23.15	24.71	23.10	24.65	2706700
2020-04-14	23.76	23.88	23.22	23.36	2863600
2020-04-15	22.77	23.29	22.07	23.14	2478100
2020-04-16	22.67	23.02	22.32	22.66	2578500
2020-04-17	24.29	24.46	22.88	23.15	4391400
2020-04-20	24.53	24.98	23.60	23.89	1931300
2020-04-21	23.88	24.23	23.58	23.91	2349200
2020-04-22	24.00	24.72	23.95	24.23	1769800
2020-04-23	23.81	24.71	23.67	23.97	3220300
2020-04-24	23.85	24.02	23.50	23.82	1873600
2020-04-27	24.66	24.83	23.80	24.00	2858000
2020-04-28	24.21	25.68	24.18	25.31	2943100
2020-04-29	24.93	25.15	24.59	24.72	3355200
2020-04-30	24.71	24.94	24.35	24.77	3747300
2020-05-01	24.04	24.58	23.34	24.25	1932800
2020-05-04	23.97	24.20	23.22	23.46	2271400
2020-05-05	24.15	24.98	24.09	24.36	2283500
2020-05-06	22.93	24.31	22.84	24.23	5798500
2020-05-07	19.88	21.55	19.76	21.00	14965200
2020-05-08	19.84	20.43	19.23	20.40	9970700
2020-05-11	20.77	21.07	19.40	19.68	7100300
2020-05-12	19.98	20.83	19.94	20.74	6977800
2020-05-13	19.29	20.00	18.80	20.00	3730200
2020-05-14	19.38	19.52	18.37	18.83	4457900
2020-05-15	19.12	19.32	18.75	19.18	6007600
2020-05-18	19.71	20.13	19.40	19.64	5764400
2020-05-19	19.41	19.79	19.13	19.67	3046400
2020-05-20	19.56	19.91	19.40	19.91	3676000
2020-05-21	18.94	19.54	18.83	19.54	5092200
2020-05-22	18.94	19.25	18.58	18.95	4820900
2020-05-26	19.37	19.75	19.05	19.43	7122600
2020-05-27	21.13	21.23	19.41	19.80	9931400
2020-05-28	21.38	21.71	21.15	21.37	5201400
2020-05-29	21.41	21.50	20.93	21.17	5750500
2020-06-01	21.20	21.40	21.01	21.24	2579300
2020-06-02	22.27	22.28	21.21	21.34	5319200
2020-06-03	22.93	23.17	22.53	22.53	5370400
2020-06-04	22.53	23.04	22.43	22.73	3659700
2020-06-05	23.75	24.14	23.08	23.34	5855000
2020-06-08	24.76	24.84	23.95	23.95	5694700
2020-06-09	24.10	24.74	23.88	24.46	5137900
2020-06-10	23.08	24.20	22.94	23.98	5221200
2020-06-11	21.67	22.47	21.31	22.37	4333700
2020-06-12	22.07	22.74	21.45	22.40	4712600
2020-06-15	21.63	22.08	21.09	21.53	4142500
2020-06-16	22.07	22.80	21.99	22.49	3520600
2020-06-17	21.59	22.47	21.41	22.29	2721000
2020-06-18	21.88	21.99	21.20	21.30	2792400
2020-06-19	22.26	22.62	21.82	22.39	4705300
2020-06-22	22.34	22.39	21.60	22.04	3154300
2020-06-23	22.64	22.77	22.18	22.54	4669100
2020-06-24	21.40	22.49	21.32	22.33	3923800
2020-06-25	21.60	21.73	20.98	21.23	5868600
2020-06-26	21.16	21.38	20.55	21.35	4877400
2020-06-29	21.00	21.47	20.70	21.39	4142600
2020-06-30	21.45	21.57	20.91	20.99	2742500
2020-07-01	21.19	21.90	21.00	21.55	2539000
2020-07-02	21.21	21.61	21.04	21.42	2467300
2020-07-06	21.76	21.81	21.39	21.54	1949000
2020-07-07	21.55	21.82	21.23	21.60	5597900
2020-07-08	21.65	21.85	21.33	21.52	4831000
2020-07-09	21.36	21.68	21.17	21.65	4254400
2020-07-10	22.03	22.04	21.24	21.37	2443600
2020-07-13	22.65	23.25	22.03	22.24	6481800
2020-07-14	23.48	23.54	22.41	22.50	5750600
2020-07-15	24.08	24.43	23.77	23.84	2847900
2020-07-16	24.00	24.42	23.78	23.90	2096500
2020-07-17	23.79	24.23	23.74	23.99	2261400
2020-07-20	23.55	24.09	23.45	23.78	2242400
2020-07-21	23.68	24.04	23.62	23.74	1494400
2020-07-22	23.47	23.89	23.46	23.65	2971100
2020-07-23	23.39	23.66	23.21	23.41	6168000
2020-07-24	23.59	23.60	22.99	23.39	3159700
2020-07-27	21.30	23.02	21.18	22.97	13373900
2020-07-28	21.10	21.56	20.96	21.38	7723800
2020-07-29	21.15	21.31	20.85	21.06	9518800
2020-07-30	22.45	22.58	21.16	21.16	14138600
2020-07-31	23.63	23.72	22.60	22.62	6919300
2020-08-03	23.31	24.14	23.03	23.69	6692200
2020-08-04	24.80	25.25	23.45	23.74	6721900
2020-08-05	25.28	25.51	24.78	25.30	4822300
2020-08-06	24.44	25.53	23.80	25.14	7032900
2020-08-07	24.30	24.58	24.18	24.52	2883100
2020-08-10	24.60	24.99	24.46	24.48	2864300
2020-08-11	25.42	25.53	25.05	25.19	3233400
2020-08-12	25.00	25.77	24.95	25.56	2782300
2020-08-13	24.44	25.02	24.32	24.87	2718900
2020-08-14	25.77	26.46	24.35	24.35	6060600
2020-08-17	25.85	26.09	25.13	25.74	4962600
2020-08-18	26.09	26.16	25.60	26.11	2117800
2020-08-19	25.80	26.36	25.72	25.94	1739200
2020-08-20	27.58	27.74	26.60	26.61	5535200
2020-08-21	27.10	27.46	26.75	27.38	3144500
2020-08-24	27.42	27.65	27.03	27.33	2616000
2020-08-25	28.86	29.00	27.60	27.86	5970300
2020-08-26	28.14	28.85	27.98	28.72	4284500
2020-08-27	28.13	28.56	27.96	28.09	4336100
2020-08-28	29.13	29.33	28.16	28.26	3759000
2020-08-31	29.06	29.57	29.06	29.25	2595400
2020-09-01	28.77	29.00	28.69	28.91	1733900
2020-09-02	28.83	28.93	28.31	28.70	5729800
2020-09-03	28.18	29.05	27.93	28.96	2320700
2020-09-04	28.10	28.36	27.37	28.22	2618700
2020-09-08	28.10	28.48	27.52	27.86	4134600
2020-09-09	28.47	28.77	28.20	28.36	1982100
2020-09-10	27.23	28.33	26.93	28.21	5879900
2020-09-11	27.08	27.48	26.62	27.43	2497500
2020-09-14	27.64	27.71	27.25	27.30	3688500
2020-09-15	26.84	28.02	25.90	27.85	6447700
2020-09-16	27.39	27.72	26.55	26.78	5597900
2020-09-17	27.35	27.53	26.86	27.09	4370000
2020-09-18	26.54	27.31	26.14	27.20	7993900
2020-09-21	26.55	26.60	25.95	26.07	5408500
2020-09-22	27.05	27.16	26.40	26.50	3285900
2020-09-23	26.41	27.20	26.35	26.96	2826000
2020-09-24	26.27	26.70	25.76	26.02	3762600
2020-09-25	26.85	26.95	26.05	26.15	3234300
2020-09-28	27.06	27.48	26.76	27.45	2266800
2020-09-29	26.76	27.44	26.65	26.92	2806900
2020-09-30	27.93	28.67	26.58	26.93	6715200
2020-10-01	27.53	28.21	27.23	28.03	3487800
2020-10-02	27.70	28.08	26.76	26.99	2091900
2020-10-05	28.16	28.31	27.77	27.97	1918700
2020-10-06	28.23	28.99	28.05	28.47	3413700
2020-10-07	32.07	32.55	28.37	28.37	21280700
2020-10-08	32.13	32.62	31.35	31.49	6069800
2020-10-09	33.10	33.36	32.08	32.35	5489300
2020-10-12	33.79	34.09	32.90	33.20	4239600
2020-10-13	32.82	33.97	32.34	33.48	5048800
2020-10-14	31.87	33.13	31.77	32.80	6426700
2020-10-15	31.83	32.16	31.35	31.35	3697000
2020-10-16	31.54	32.49	31.49	32.25	3791200
2020-10-19	30.91	31.63	30.56	31.62	3856500
2020-10-20	31.21	31.49	30.86	31.05	2675700
2020-10-21	30.41	31.58	30.21	31.21	5312700
2020-10-22	31.18	31.33	30.77	30.84	2441300
2020-10-23	31.38	31.43	30.90	31.17	1274000
2020-10-26	30.83	31.27	30.53	31.20	1547900
2020-10-27	31.55	31.62	30.65	30.65	1985900
2020-10-28	30.77	31.56	30.73	31.00	2526900
2020-10-29	31.51	31.59	30.46	30.62	1857000
2020-10-30	31.01	31.95	30.57	31.34	2081900
2020-11-02	31.83	31.87	31.03	31.08	1792100
2020-11-03	31.24	32.42	30.88	31.88	3300600
2020-11-04	31.71	32.00	31.20	31.34	2887900
2020-11-05	32.58	32.79	32.04	32.33	6370800
2020-11-06	30.29	31.37	26.72	27.89	10660200
2020-11-09	31.06	31.73	29.15	29.94	5535900
2020-11-10	31.21	31.30	29.62	31.07	4060100
2020-11-11	29.97	31.44	29.68	31.30	26151400
2020-11-12	29.91	30.66	29.33	29.85	3084800
2020-11-13	30.15	30.83	29.65	30.32	2203300
2020-11-16	30.31	30.33	29.46	30.20	3770700
2020-11-17	30.41	31.19	30.06	30.60	3006200
2020-11-18	29.39	30.85	29.21	30.85	2723500
2020-11-19	29.50	29.99	29.21	29.45	2006400
2020-11-20	29.42	29.89	29.18	29.68	2803700
2020-11-23	31.03	31.36	29.91	30.14	5552600
2020-11-24	31.62	32.30	31.31	31.73	2571400
2020-11-25	31.78	31.80	30.52	31.45	1345800
2020-11-27	31.32	32.21	31.22	31.93	1030600
2020-11-30	30.59	31.79	30.05	30.93	5348500
2020-12-01	29.31	30.02	28.93	29.68	28329000
2020-12-02	30.00	30.07	29.31	29.49	16816000
2020-12-03	29.20	30.10	29.05	30.04	8499100
2020-12-04	29.38	29.42	28.90	29.20	3766500
2020-12-07	29.35	29.86	29.18	29.54	4743200
2020-12-08	29.79	29.94	29.35	29.46	3548900
2020-12-09	28.89	29.95	28.71	29.47	4575000
2020-12-10	28.80	29.23	28.62	28.95	3846600
2020-12-11	28.65	29.04	28.09	28.80	4100800
2020-12-14	28.71	29.07	28.26	29.00	5237400
2020-12-15	30.82	31.07	28.29	29.04	12719800
2020-12-16	29.95	30.75	29.78	30.75	6358300
2020-12-17	30.49	30.58	30.05	30.19	3618700
2020-12-18	30.01	30.90	29.71	30.67	5969600
2020-12-21	29.53	29.97	29.11	29.38	3324700
2020-12-22	30.21	30.37	29.17	29.71	3293400
2020-12-23	30.43	30.51	30.10	30.26	1562700
2020-12-24	30.54	30.75	30.29	30.58	663900
2020-12-28	30.66	31.12	30.55	30.70	2014800
2020-12-29	30.37	30.98	30.14	30.76	2199500
2020-12-30	30.12	30.72	30.10	30.50	1795500
2020-12-31	30.67	30.89	29.91	30.20	2809300
2021-01-04	30.50	31.15	30.15	30.96	2420200
2021-01-05	30.60	30.87	30.28	30.33	2271600
2021-01-06	31.41	31.55	30.62	30.62	2756700
2021-01-07	31.09	31.86	30.97	31.50	1748400
2021-01-08	31.38	31.49	30.78	31.23	2303300
2021-01-11	31.54	31.79	31.16	31.20	1619400
2021-01-12	32.28	32.38	31.39	31.56	2466300
2021-01-13	31.31	32.54	31.30	32.51	2375000
2021-01-14	31.64	32.04	31.14	31.39	2655700
2021-01-15	31.51	31.66	30.66	31.60	2277600
2021-01-19	31.16	32.02	30.84	32.00	2894400
2021-01-20	31.01	31.37	30.58	31.13	3079900
2021-01-21	30.39	31.35	30.29	31.13	2902900
2021-01-22	30.46	30.93	29.93	30.02	1873600
2021-01-25	29.95	30.31	29.48	30.22	2763500
2021-01-26	30.35	30.35	29.56	30.15	2612500
2021-01-27	29.83	31.21	29.58	30.16	4168600
2021-01-28	29.50	30.25	29.33	30.06	3519800
2021-01-29	29.03	30.28	28.77	29.46	3110300
2021-02-01	29.81	30.09	29.25	29.25	3757700
2021-02-02	29.54	30.69	29.53	30.19	2610100
2021-02-03	28.88	29.72	28.74	29.56	2347300
2021-02-04	29.03	29.27	28.75	28.95	6312600
2021-02-05	28.38	29.57	28.32	29.50	4679700
2021-02-08	28.45	28.95	28.20	28.39	3058900
2021-02-09	29.09	29.31	28.38	28.50	2366100
2021-02-10	29.07	29.35	28.59	29.27	2286600
2021-02-11	29.07	29.24	28.57	29.02	1961900
2021-02-12	29.75	29.76	28.75	28.86	2206000
2021-02-16	30.39	30.56	29.87	30.14	4353000
2021-02-17	30.04	30.40	29.82	30.14	3996400
2021-02-18	30.54	30.66	29.75	29.77	6561800
2021-02-19	30.10	30.64	29.62	30.43	6058400
2021-02-22	30.58	30.74	29.71	30.06	4155200
2021-02-23	30.86	31.08	30.35	30.64	4122500
2021-02-24	31.55	32.21	30.12	31.22	5182500
2021-02-25	31.73	32.66	31.43	31.57	4633700
2021-02-26	32.86	33.45	32.11	32.36	7077700
2021-03-01	33.65	33.89	32.54	33.20	4726800
2021-03-02	32.34	33.83	32.13	33.67	5205700
2021-03-03	30.87	33.25	30.34	32.21	13385100
2021-03-04	30.93	31.07	30.14	30.80	4606600
2021-03-05	31.13	31.60	30.00	31.39	6753800
2021-03-08	32.23	32.45	31.33	31.35	4022000
2021-03-09	32.58	33.23	32.23	32.54	4424300
2021-03-10	32.74	33.60	32.61	32.87	2540700
2021-03-11	34.13	34.35	32.60	32.76	3631700
2021-03-12	34.27	34.43	33.84	33.86	1829900
2021-03-15	34.49	34.81	34.14	34.16	3469900
2021-03-16	33.57	34.36	33.42	34.33	3162700
2021-03-17	33.96	34.30	33.50	33.62	1917100
2021-03-18	33.75	34.35	33.64	33.97	3682900
2021-03-19	31.09	33.78	30.97	33.48	10867100
2021-03-22	29.77	30.78	29.62	30.45	4872300
2021-03-23	28.60	29.86	28.49	29.75	5886000
2021-03-24	28.29	28.94	28.19	28.91	6039500
2021-03-25	28.06	28.33	27.72	28.19	5996700
2021-03-26	27.85	28.53	27.33	28.05	6878500
2021-03-29	28.79	29.27	27.54	27.74	7183500
2021-03-30	28.80	29.68	28.75	28.98	4004800
2021-03-31	29.45	30.01	28.49	28.86	4904500
2021-04-01	28.79	29.75	28.69	29.58	3755700
2021-04-05	28.96	29.22	28.74	29.17	1771000
2021-04-06	28.76	28.94	28.55	28.85	2269700
2021-04-07	29.81	29.82	28.75	29.14	3075400
2021-04-08	29.60	29.99	29.57	29.88	5627200
2021-04-09	29.75	30.22	29.58	29.58	2611600
2021-04-12	29.40	29.70	29.17	29.50	4221000
2021-04-13	29.39	29.52	28.90	29.47	4072900
2021-04-14	29.58	30.07	29.36	29.40	2011000
2021-04-15	30.20	30.53	30.02	30.09	3758000
2021-04-16	29.98	30.50	29.52	30.37	4107800
2021-04-19	30.00	30.21	29.79	30.09	1529400
2021-04-20	30.66	30.86	29.67	29.92	3999100
2021-04-21	31.19	31.29	30.60	30.66	1939900
2021-04-22	30.56	31.30	30.50	31.13	5151800
2021-04-23	30.88	30.90	30.35	30.70	1792400
2021-04-26	31.00	31.23	30.79	31.04	4252400
2021-04-27	31.24	31.37	30.85	31.05	4834100
2021-04-28	31.29	31.77	31.20	31.37	2866400
2021-04-29	32.13	32.25	31.28	31.31	3797800
2021-04-30	31.71	32.52	31.70	32.06	4657200
2021-05-03	31.80	32.14	31.52	31.73	4822900
2021-05-04	31.31	31.90	31.16	31.73	2255100
2021-05-05	31.11	31.49	30.90	31.21	3785900
2021-05-06	31.05	31.19	30.58	31.14	3050400
2021-05-07	32.88	33.20	32.01	32.60	5605200
2021-05-10	32.24	33.32	32.23	33.25	3096600
2021-05-11	32.31	32.98	32.19	32.19	5339900
2021-05-12	32.10	32.63	31.81	32.37	3283700
2021-05-13	33.95	34.28	32.30	32.31	5954700
2021-05-14	34.80	34.94	33.85	33.99	2812000
2021-05-17	35.01	35.35	34.78	34.92	6125500
2021-05-18	35.30	35.70	34.80	34.81	4371000
2021-05-19	35.37	35.40	34.62	34.90	2589600
2021-05-20	35.69	35.80	35.10	35.13	3491100
2021-05-21	35.76	36.53	35.75	35.92	4405600
2021-05-24	35.78	36.12	35.65	35.85	1298900
2021-05-25	35.51	36.02	35.49	36.00	1668500
2021-05-26	35.71	35.90	35.44	35.63	2374700
2021-05-27	35.87	36.00	35.52	35.69	1981100
2021-05-28	35.98	36.37	35.85	36.05	2540200
2021-06-01	35.50	36.23	35.44	36.23	3488900
2021-06-02	35.41	35.57	35.13	35.50	2466100
2021-06-03	35.00	35.74	34.99	35.47	2685900
2021-06-04	34.18	35.13	33.99	35.07	3764500
2021-06-07	33.56	34.33	33.42	34.07	3964800
2021-06-08	33.36	33.75	33.03	33.68	3800200
2021-06-09	33.90	34.04	33.41	33.57	3271900
2021-06-10	33.59	34.02	33.27	33.90	3840700
2021-06-11	33.70	33.82	33.42	33.67	1475700
2021-06-14	33.48	33.99	33.26	33.75	3073200
2021-06-15	34.81	36.34	34.01	34.01	9818600
2021-06-16	35.98	36.41	35.16	35.52	7339200
2021-06-17	35.72	35.92	35.01	35.76	3637600
2021-06-18	34.69	35.65	34.61	35.47	5647400
2021-06-21	34.87	35.06	34.43	34.77	2398800
2021-06-22	35.19	35.36	34.66	35.07	1857400
2021-06-23	35.09	35.47	35.08	35.08	2009000
2021-06-24	34.99	35.41	34.87	35.41	4815000
2021-06-25	35.04	35.27	34.80	34.94	2294100
2021-06-28	35.32	35.41	34.86	35.14	1737000
2021-06-29	35.32	36.36	35.24	35.43	2981600
2021-06-30	34.69	35.43	34.60	35.43	2296100
2021-07-01	35.00	35.22	34.64	34.73	1768400
2021-07-02	34.94	35.12	34.69	34.97	1741600
2021-07-06	34.78	35.09	34.63	34.80	2934000
2021-07-07	34.56	34.97	34.46	34.58	4012700
2021-07-08	34.42	34.45	33.42	34.14	3883300
2021-07-09	34.64	34.76	34.36	34.65	2054400
2021-07-12	35.02	35.23	34.68	34.76	5245200
2021-07-13	34.22	34.91	34.19	34.83	1986900
2021-07-14	34.13	34.54	34.11	34.23	5326200
2021-07-15	34.23	34.40	33.79	33.79	1768700
2021-07-16	34.26	34.59	33.88	34.42	5044600
2021-07-19	34.23	34.31	33.72	33.99	2657500
2021-07-20	35.53	35.95	34.46	34.55	4925400
2021-07-21	35.67	35.83	35.37	35.52	1817800
2021-07-22	36.03	36.08	35.47	35.73	1838900
2021-07-23	36.50	36.88	36.04	36.20	3125300
2021-07-26	35.81	36.53	35.69	36.33	2192300
2021-07-27	36.24	36.25	35.49	35.58	3150100
2021-07-28	36.64	36.91	36.06	36.16	2433600
2021-07-29	36.61	37.49	36.53	36.89	2727100
2021-07-30	36.47	36.82	36.06	36.44	1852900
2021-08-02	36.50	36.73	36.30	36.71	1466000
2021-08-03	36.72	36.76	36.20	36.57	1581700
2021-08-04	36.42	36.77	36.24	36.38	1786400
2021-08-05	35.80	36.50	35.30	36.42	3290800
2021-08-06	35.36	35.69	35.04	35.69	2740400
2021-08-09	29.67	31.67	28.59	29.98	27938600
2021-08-10	29.58	30.41	28.82	29.90	11193800
2021-08-11	29.20	30.02	28.91	29.70	9675900
2021-08-12	30.16	30.37	29.10	29.20	4754400
2021-08-13	31.00	31.06	29.99	30.15	5170700
2021-08-16	31.53	31.79	30.88	31.05	5015100
2021-08-17	31.70	31.75	30.99	31.04	2960900
2021-08-18	31.49	32.14	31.37	31.97	2324900
2021-08-19	31.50	32.06	31.35	31.42	2502100
2021-08-20	31.50	31.86	31.33	31.46	2709200
2021-08-23	31.76	31.99	31.50	31.70	3884300
2021-08-24	32.28	32.42	31.60	31.77	4501800
2021-08-25	32.63	32.75	32.04	32.30	2792600
2021-08-26	32.77	32.78	32.23	32.44	1894700
2021-08-27	33.31	33.45	32.64	32.81	3392300
2021-08-30	33.44	33.85	33.13	33.43	2322900
2021-08-31	33.38	33.76	33.18	33.37	3104500
2021-09-01	33.53	33.72	33.09	33.28	2303400
2021-09-02	33.80	34.13	33.54	33.74	2203700
2021-09-03	34.15	34.22	33.75	33.99	4848800
2021-09-07	34.02	34.02	33.37	33.90	3859700
2021-09-08	33.89	34.13	33.42	33.82	6577100
2021-09-09	33.54	34.21	33.51	33.82	2992300
2021-09-10	33.38	33.57	32.90	33.54	1433200
2021-09-13	33.28	33.66	33.12	33.54	4021500
2021-09-14	32.92	33.62	32.83	33.50	1539800
2021-09-15	32.41	32.90	32.11	32.85	3572000
2021-09-16	32.47	32.67	32.11	32.47	4579900
2021-09-17	32.40	32.84	32.07	32.44	5071100
2021-09-20	31.83	32.23	31.41	31.94	3148400
2021-09-21	31.69	32.13	31.59	31.90	3698600
2021-09-22	31.80	31.95	31.60	31.73	4741800
2021-09-23	32.47	32.67	31.79	31.81	4115100
2021-09-24	32.63	32.73	32.35	32.47	1347100
2021-09-27	32.82	33.09	32.61	32.62	3453900
2021-09-28	32.55	32.90	32.20	32.74	4232000
2021-09-29	32.35	33.10	32.34	32.78	3230000
2021-09-30	31.89	32.56	31.77	32.42	2800000
2021-10-01	32.09	32.42	31.61	31.83	2534600
2021-10-04	32.10	32.43	31.68	32.06	2236900
2021-10-05	32.14	32.63	31.87	31.95	2764300
2021-10-06	32.69	32.87	31.88	31.96	5090800
2021-10-07	33.29	33.73	32.87	32.94	3483700
2021-10-08	33.15	33.57	32.98	33.34	1432900
2021-10-11	32.89	33.34	32.79	33.20	1968500
2021-10-12	32.18	32.79	31.92	32.70	2887500
2021-10-13	32.03	32.32	31.84	32.13	3688800
2021-10-14	32.45	32.63	32.21	32.22	1982000
2021-10-15	32.54	32.97	32.46	32.61	1686500
2021-10-18	32.10	32.39	31.98	32.32	2266100
2021-10-19	32.64	32.89	32.31	32.31	1521800
2021-10-20	33.66	33.73	32.88	32.88	5426000
2021-10-21	33.60	33.91	33.40	33.84	2283300
2021-10-22	33.90	33.96	33.42	33.59	1252600
2021-10-25	33.97	34.19	33.69	33.93	1228800
2021-10-26	33.49	34.04	33.48	33.95	2046400
2021-10-27	33.31	33.69	33.12	33.40	2692000
2021-10-28	32.90	33.06	31.16	31.40	3748500
2021-10-29	32.88	33.13	32.65	32.88	2805000
2021-11-01	32.87	33.13	32.70	32.98	3055900
2021-11-02	31.73	32.92	31.69	32.92	5564800
2021-11-03	32.22	32.26	31.59	31.64	3799200
2021-11-04	32.87	32.90	32.31	32.36	3811600
2021-11-05	34.09	35.00	33.20	34.03	4880000
2021-11-08	33.25	34.33	32.46	34.15	4815600
2021-11-09	33.10	33.43	32.81	33.43	6827100
2021-11-10	32.98	33.13	32.62	32.88	3725800
2021-11-11	32.74	32.91	32.53	32.81	3005100
2021-11-12	33.03	33.13	32.55	32.74	3743300
2021-11-15	32.16	33.02	31.65	33.00	5573900
2021-11-16	32.29	32.51	31.89	32.05	4523900
2021-11-17	31.95	32.28	31.60	32.19	3371000
2021-11-18	32.34	33.20	32.17	32.66	4731100
2021-11-19	32.11	32.67	32.02	32.20	3339800
2021-11-22	32.05	32.83	32.02	32.35	3026800
2021-11-23	32.07	32.24	31.40	31.92	1981900
2021-11-24	30.79	31.98	30.76	31.85	3431700
2021-11-26	30.22	30.85	30.07	30.39	1905400
2021-11-29	30.19	30.64	29.87	30.56	3342500
2021-11-30	28.74	30.19	28.69	29.84	4512100
2021-12-01	28.14	29.29	28.00	28.94	3317200
2021-12-02	28.78	28.94	27.88	28.19	3639500
2021-12-03	28.17	29.43	28.06	29.11	2970500
2021-12-06	28.79	29.01	28.05	28.19	4619100
2021-12-07	28.97	29.32	28.84	29.02	3275200
2021-12-08	29.54	29.63	28.98	29.02	2360700
2021-12-09	28.49	29.76	28.49	29.37	2689700
2021-12-10	27.97	28.68	27.89	28.61	3917400
2021-12-13	27.74	28.30	27.54	28.06	4796700
2021-12-14	28.11	28.45	27.55	27.58	4952600
2021-12-15	28.46	28.61	27.55	28.04	3283500
2021-12-16	27.98	28.61	27.76	28.58	3922800
2021-12-17	28.27	28.57	27.71	27.87	4559300
2021-12-20	28.20	28.28	27.16	28.03	3114100
2021-12-21	28.77	29.34	28.21	28.34	2571800
2021-12-22	28.34	28.94	28.13	28.77	2110300
2021-12-23	28.88	28.95	28.26	28.38	3464700
2021-12-27	28.96	29.03	28.72	29.02	2134600
2021-12-28	28.88	28.95	28.52	28.78	2109600
2021-12-29	28.27	29.02	28.24	28.76	1961200
2021-12-30	28.71	28.98	28.13	28.20	2483300
2021-12-31	28.38	28.94	28.37	28.70	2783500
2022-01-03	28.25	28.53	27.88	28.52	5166500
2022-01-04	28.41	28.53	27.44	28.12	6917800
2022-01-05	27.90	28.66	27.83	28.50	3040800
2022-01-06	27.08	28.05	27.05	27.86	3564600
2022-01-07	27.05	27.46	26.86	27.02	2813400
2022-01-10	28.73	29.00	27.27	27.55	6797700
2022-01-11	28.38	29.07	27.95	28.84	3513000
2022-01-12	28.09	28.73	27.88	28.52	3556700
2022-01-13	27.07	28.09	27.02	27.97	3068800
2022-01-14	27.03	27.17	26.67	27.17	3603300
2022-01-18	26.81	27.05	26.42	26.88	4990200
2022-01-19	26.39	27.12	26.36	26.90	3812400
2022-01-20	26.83	27.10	26.46	26.60	2975500
2022-01-21	26.77	27.10	26.23	26.92	3301900
2022-01-24	27.10	27.18	25.80	26.32	6187700
2022-01-25	26.31	27.04	26.11	26.91	3461100
2022-01-26	25.77	26.66	25.61	26.35	2053500
2022-01-27	24.94	26.06	24.92	25.77	5832000
2022-01-28	25.51	25.51	24.48	25.07	5958000
2022-01-31	26.04	26.10	25.27	25.50	4684100
2022-02-01	25.54	26.08	25.30	25.94	4833000
2022-02-02	25.36	25.79	25.29	25.53	6796300
2022-02-03	24.65	25.28	24.59	25.28	4334800
2022-02-04	24.97	25.26	24.23	24.52	4660900
2022-02-07	25.06	25.48	24.72	24.92	3070700
2022-02-08	24.86	26.16	24.76	25.05	3282100
2022-02-09	25.73	25.84	25.09	25.14	4222400
2022-02-10	25.31	25.95	25.14	25.40	2837000
2022-02-11	25.49	25.99	25.26	25.29	6121700
2022-02-14	25.13	25.83	24.92	25.53	2423600
2022-02-15	25.86	26.00	25.38	25.38	4984600
2022-02-16	25.89	25.96	25.48	25.91	4067900
2022-02-17	25.78	25.94	25.52	25.75	6235500
2022-02-18	25.51	26.12	25.20	25.79	8532700
2022-02-22	25.98	26.09	25.32	25.42	14141900
2022-02-23	25.75	26.59	25.74	26.00	11780500
2022-02-24	27.89	28.72	24.15	24.15	18998100
2022-02-25	27.87	28.21	27.26	27.47	4808400
2022-02-28	28.41	28.57	27.63	27.94	6015800
2022-03-01	28.94	29.13	28.17	28.36	5828600
2022-03-02	29.00	29.24	28.72	28.94	5599500
2022-03-03	28.37	29.66	28.32	29.51	4989200
2022-03-04	27.95	28.55	27.65	28.33	4278800
2022-03-07	25.84	27.69	25.80	27.65	4437800
2022-03-08	25.52	26.34	25.14	25.59	3885100
2022-03-09	26.62	26.79	25.92	25.92	7632300
2022-03-10	26.38	26.50	25.96	26.06	3617500
2022-03-11	26.49	27.07	26.09	26.66	5023500
2022-03-14	25.20	26.50	25.19	26.35	4490700
2022-03-15	25.47	25.51	24.94	25.30	4639900
2022-03-16	26.41	26.49	25.73	25.73	2476100
2022-03-17	26.61	26.65	26.21	26.31	3805100
2022-03-18	27.42	27.48	26.33	26.41	3831900
2022-03-21	27.20	27.54	27.01	27.15	4363800
2022-03-22	27.41	27.54	27.12	27.38	5599300
2022-03-23	27.22	27.30	26.92	27.15	3570900
2022-03-24	27.47	27.51	26.79	27.38	4537800
2022-03-25	26.59	27.68	26.44	27.55	5312700
2022-03-28	26.72	26.84	26.37	26.51	2713300
2022-03-29	27.53	27.61	26.77	26.80	2670500
2022-03-30	27.16	27.50	27.02	27.36	1642200
2022-03-31	26.09	27.17	26.08	27.11	4042600
2022-04-01	26.12	26.34	25.88	25.94	2290700
2022-04-04	26.16	26.45	26.03	26.21	3131000
2022-04-05	25.98	26.42	25.94	26.12	2413000
2022-04-06	26.62	26.82	25.75	25.75	3734300
2022-04-07	26.55	26.89	26.42	26.49	3392500
2022-04-08	26.25	26.66	25.97	26.35	1717000
2022-04-11	26.00	26.33	25.90	26.21	2290400
2022-04-12	25.83	26.22	25.64	26.04	3683500
2022-04-13	26.26	26.35	25.57	25.81	4520000
2022-04-14	26.25	26.71	26.15	26.45	3691700
2022-04-18	25.74	26.12	25.59	26.11	2532000
2022-04-19	26.12	26.36	25.63	25.64	2092400
2022-04-20	26.28	26.71	25.82	26.13	2034400
2022-04-21	26.05	26.54	25.93	26.40	7173800
2022-04-22	25.28	26.76	25.24	26.00	4074500
2022-04-25	25.74	25.88	24.90	25.08	4054900
2022-04-26	25.47	25.85	25.17	25.85	4302900
2022-04-27	25.58	25.94	25.37	25.54	3577500
2022-04-28	25.65	25.88	25.16	25.82	2613700
2022-04-29	25.31	25.98	25.29	25.55	2377900
2022-05-02	25.15	25.49	24.79	25.49	3619200
2022-05-03	25.28	25.51	24.95	25.14	2167400
2022-05-04	25.00	25.30	24.42	25.30	6036400
2022-05-05	24.18	25.05	23.97	24.90	7727100
2022-05-06	23.79	24.06	23.25	23.87	10653600
2022-05-09	21.84	23.86	21.68	23.70	9478100
2022-05-10	21.90	22.41	21.59	21.84	10297600
2022-05-11	20.82	22.25	20.76	21.58	6122900
2022-05-12	21.69	21.71	20.51	20.55	5574400
2022-05-13	22.27	22.57	21.77	21.88	3614700
2022-05-16	23.31	23.42	22.48	22.65	5617600
2022-05-17	24.20	24.45	23.73	23.73	5166800
2022-05-18	23.35	24.03	23.27	23.85	4590600
2022-05-19	23.24	23.55	22.97	23.13	3428100
2022-05-20	24.27	24.34	23.19	23.84	5622600
2022-05-23	23.69	24.39	23.58	24.19	4105600
2022-05-24	23.17	23.68	22.84	23.63	4479100
2022-05-25	23.33	23.82	23.06	23.37	4375300
2022-05-26	23.72	23.99	23.57	23.71	2907200
2022-05-27	23.87	24.16	23.68	23.68	4326700
2022-05-31	23.70	24.16	23.42	23.76	9534500
2022-06-01	24.13	24.33	23.56	23.73	4814800
2022-06-02	24.84	24.93	23.72	24.26	4344200
2022-06-03	24.19	24.88	24.15	24.88	2425700
2022-06-06	23.69	24.75	23.65	24.75	3299000
2022-06-07	24.55	24.57	23.51	23.55	2596500
2022-06-08	24.14	24.83	24.09	24.53	1508200
2022-06-09	23.52	24.14	23.51	24.06	1866000
2022-06-10	22.27	23.32	22.22	23.32	4682100
2022-06-13	21.65	21.84	21.05	21.63	3361900
2022-06-14	20.90	21.68	20.70	21.68	3831700
2022-06-15	20.92	21.27	20.43	21.00	4286400
2022-06-16	20.28	20.48	19.59	20.42	9281600
2022-06-17	20.55	20.91	20.30	20.37	5938100
2022-06-21	20.03	20.93	19.97	20.89	9213000
2022-06-22	20.01	20.25	19.56	19.79	7802800
2022-06-23	19.94	20.14	19.58	20.14	5260400
2022-06-24	20.61	20.96	20.15	20.20	5587400
2022-06-27	20.48	20.91	20.44	20.81	6990400
2022-06-28	20.14	20.83	19.99	20.52	3328200
2022-06-29	20.00	20.20	19.67	20.06	3621400
2022-06-30	19.63	19.76	19.34	19.69	4285900
2022-07-01	20.62	20.66	19.55	19.60	6338400
2022-07-05	20.65	20.67	20.03	20.25	4175700
2022-07-06	20.35	20.91	20.12	20.79	3717300
2022-07-07	20.69	20.70	20.25	20.41	2738600
2022-07-08	20.45	20.75	20.34	20.63	2856600
2022-07-11	20.22	20.50	20.11	20.25	2213900
2022-07-12	19.99	20.38	19.87	20.05	2555200
2022-07-13	19.70	19.83	19.35	19.58	3059500
2022-07-14	19.61	19.64	19.11	19.41	3400800
2022-07-15	20.08	20.11	19.48	19.74	3504600
2022-07-18	20.00	20.33	19.93	20.09	2536900
2022-07-19	20.62	20.78	20.23	20.45	3207400
2022-07-20	20.56	20.86	20.48	20.67	2260800
2022-07-21	20.60	20.65	19.80	19.80	3803600
2022-07-22	20.65	20.97	20.47	20.82	3502900
2022-07-25	20.51	20.73	20.18	20.73	1954500
2022-07-26	20.42	20.58	20.21	20.57	2635100
2022-07-27	20.58	20.67	20.23	20.48	4233400
2022-07-28	20.56	20.86	20.25	20.64	5288100
2022-07-29	20.26	20.61	20.14	20.57	3831100
2022-08-01	19.62	20.21	19.58	20.13	4639900
2022-08-02	19.44	19.98	19.43	19.59	4109500
2022-08-03	19.27	19.73	19.21	19.57	8872000
2022-08-04	19.02	19.32	18.84	19.27	6556800
2022-08-05	19.44	19.53	18.64	18.75	10013100
2022-08-08	19.91	20.46	19.30	19.59	10626100
2022-08-09	19.13	19.83	18.86	19.67	4670600
2022-08-10	19.53	19.71	19.38	19.54	4019600
2022-08-11	19.57	19.95	19.52	19.63	8227900
2022-08-12	20.08	20.32	19.47	19.75	7899900
2022-08-15	19.36	20.02	19.25	19.96	4942000
2022-08-16	19.08	19.20	18.38	19.12	8882600
2022-08-17	18.85	19.16	18.77	18.94	4646800
2022-08-18	18.09	18.71	18.08	18.50	7860800
2022-08-19	17.47	18.11	17.44	18.00	7898400
2022-08-22	16.40	17.30	16.34	17.30	7377200
2022-08-23	16.21	16.74	16.05	16.35	7484000
2022-08-24	16.13	16.36	16.05	16.23	5788900
2022-08-25	16.23	16.32	15.98	16.18	4576500
2022-08-26	15.38	16.25	15.37	16.19	4809700
2022-08-29	15.31	15.41	15.02	15.13	8338000
2022-08-30	15.03	15.54	15.00	15.46	5424600
2022-08-31	15.13	15.15	14.72	15.06	10860700
2022-09-01	15.38	15.50	14.79	14.99	11215200
2022-09-02	15.37	15.77	15.21	15.48	10836300
2022-09-06	14.62	15.44	14.58	15.42	5857000
2022-09-07	14.80	14.89	14.33	14.57	13482400
2022-09-08	14.05	14.92	13.94	14.52	21242400
2022-09-09	15.00	15.39	14.24	14.24	12732700
2022-09-12	15.78	16.14	15.52	15.54	12689000
2022-09-13	15.37	15.60	15.14	15.30	9167400
2022-09-14	15.43	15.44	15.06	15.41	7203800
2022-09-15	15.09	15.72	15.01	15.32	8166600
2022-09-16	14.75	14.86	14.52	14.82	8638300
2022-09-19	14.49	14.70	14.22	14.55	4252800
2022-09-20	13.85	14.35	13.79	14.32	6842200
2022-09-21	13.64	14.20	13.63	13.73	4187400
2022-09-22	13.40	13.62	13.28	13.61	3336700
2022-09-23	13.22	13.44	13.04	13.20	5173400
2022-09-26	12.66	13.47	12.62	13.18	6262000
2022-09-27	12.79	13.01	12.63	12.80	4757600
2022-09-28	13.15	13.31	12.85	12.85	3818700
2022-09-29	12.66	12.99	12.59	12.93	4210900
2022-09-30	12.41	13.01	12.39	12.63	4123400
2022-10-03	12.56	12.77	12.19	12.50	6067800
2022-10-04	12.87	13.16	12.59	12.77	9079100
2022-10-05	12.75	12.82	12.22	12.62	10784100
2022-10-06	12.65	12.76	12.44	12.66	11654600
2022-10-07	12.28	12.54	12.14	12.47	6890300
2022-10-10	11.84	12.44	11.83	12.28	4444900
2022-10-11	11.86	12.03	11.58	11.76	4916800
2022-10-12	11.76	11.92	11.63	11.90	4677300
2022-10-13	11.84	12.06	11.34	11.50	5985200
2022-10-14	11.75	12.05	11.50	11.96	7149500
2022-10-17	12.33	12.51	11.99	11.99	6278200
2022-10-18	12.27	12.74	12.13	12.53	6285400
2022-10-19	11.91	12.28	11.77	12.14	5907200
2022-10-20	11.92	12.13	11.77	11.95	6394800
2022-10-21	12.14	12.17	11.53	11.95	6575700
2022-10-24	12.26	12.41	12.07	12.21	5589400
2022-10-25	13.31	13.44	12.27	12.32	10898700
2022-10-26	13.21	13.59	13.16	13.30	7376300
2022-10-27	13.06	13.39	13.01	13.28	5158100
2022-10-28	13.52	13.53	13.04	13.13	5649500
2022-10-31	13.19	13.68	13.03	13.44	4828100
2022-11-01	13.28	13.75	13.27	13.41	6318500
2022-11-02	13.15	13.51	12.98	13.24	5940600
2022-11-03	12.86	13.03	12.28	12.84	7248100
2022-11-04	13.03	13.21	12.74	13.04	7947700
2022-11-07	13.45	13.54	13.13	13.14	7365800
2022-11-08	13.15	13.84	12.67	13.19	12916700
2022-11-09	12.06	12.76	11.75	12.54	12754500
2022-11-10	12.26	12.98	11.78	12.75	15144800
2022-11-11	13.51	13.53	12.06	12.26	13189800
2022-11-14	12.88	13.49	12.84	13.32	8706800
2022-11-15	12.75	13.20	12.75	13.02	8870300
2022-11-16	12.35	13.01	12.27	12.65	10266100
2022-11-17	11.84	12.25	11.76	12.18	6302200
2022-11-18	11.91	12.18	11.72	11.94	7494100
2022-11-21	12.12	12.20	11.85	11.86	4226400
2022-11-22	12.42	12.47	12.12	12.14	5009500
2022-11-23	12.21	12.61	12.20	12.48	4728500
2022-11-25	12.57	12.66	12.09	12.11	2136000
2022-11-28	12.15	12.59	12.10	12.40	5066500
2022-11-29	12.25	12.66	12.18	12.18	5567700
2022-11-30	12.87	12.87	12.15	12.33	9998000
2022-12-01	13.19	13.34	12.84	12.97	5110000
2022-12-02	13.20	13.28	12.78	13.02	4903100
2022-12-05	12.85	13.05	12.69	13.04	3238800
2022-12-06	12.57	12.94	12.51	12.74	4343000
2022-12-07	12.57	12.72	12.36	12.57	3850700
2022-12-08	12.55	12.93	12.46	12.57	3814200
2022-12-09	12.67	12.78	12.41	12.41	5775100
2022-12-12	12.64	12.88	12.48	12.75	4491700
2022-12-13	13.08	13.29	12.72	13.05	6555700
2022-12-14	12.80	13.08	12.67	12.99	6023300
2022-12-15	12.22	12.70	12.16	12.55	6020000
2022-12-16	12.02	12.22	11.69	12.05	7055000
2022-12-19	11.85	12.09	11.77	11.96	6521600
2022-12-20	12.02	12.14	11.79	11.79	6567500
2022-12-21	12.00	12.36	11.80	12.06	10794100
2022-12-22	11.49	11.90	11.18	11.89	9378500
2022-12-23	11.71	11.81	11.38	11.48	6462800
2022-12-27	11.57	11.62	11.33	11.60	10142800
2022-12-28	11.57	11.81	11.50	11.57	5642400
2022-12-29	12.12	12.22	11.65	11.65	8269500
2022-12-30	12.22	12.28	11.98	12.03	5520900
2023-01-03	12.35	12.58	12.11	12.41	8410800
2023-01-04	12.83	12.88	12.46	12.56	10465900
2023-01-05	12.45	12.89	12.42	12.73	8098700
2023-01-06	12.70	12.74	12.02	12.56	4080700
2023-01-09	12.74	13.10	12.60	12.82	9850400
2023-01-10	12.98	13.04	12.74	12.74	4731300
2023-01-11	13.36	13.45	13.02	13.10	8886700
2023-01-12	13.22	13.47	13.15	13.37	7607100
2023-01-13	13.08	13.16	12.93	13.03	3853300
2023-01-17	12.83	13.14	12.62	12.86	6949900
2023-01-18	12.67	12.99	12.57	12.90	6672300
2023-01-19	12.94	13.09	12.53	12.58	6689300
2023-01-20	13.18	13.18	12.85	13.02	6447900
2023-01-23	13.23	13.35	13.07	13.24	9482300
2023-01-24	12.95	13.32	12.91	13.29	6100100
2023-01-25	13.30	13.31	12.69	12.80	4656700
2023-01-26	13.88	13.89	13.35	13.46	9761900
2023-01-27	14.06	14.25	13.78	13.87	9298700
2023-01-30	13.55	13.96	13.46	13.87	7515000
2023-01-31	13.73	13.75	13.55	13.63	4835100
2023-02-01	14.06	14.28	13.65	13.65	6521300
2023-02-02	14.58	14.69	14.17	14.34	8307400
2023-02-03	13.87	14.35	13.87	14.28	5106200
2023-02-06	13.79	13.88	13.54	13.73	5475000
2023-02-07	13.93	14.08	13.63	13.72	3678900
2023-02-08	13.34	13.79	13.28	13.79	5100700
2023-02-09	13.20	13.65	13.13	13.44	8205400
2023-02-10	12.89	13.20	12.82	13.06	4063600
2023-02-13	13.04	13.08	12.78	12.83	3739800
2023-02-14	12.89	13.20	12.74	13.01	5842000
2023-02-15	13.40	13.42	12.77	12.80	4616700
2023-02-16	13.25	13.49	13.06	13.17	5192800
2023-02-17	13.13	13.27	12.77	13.16	8483200
2023-02-21	11.62	12.77	11.48	12.50	17467800
2023-02-22	12.23	12.41	11.64	11.64	9346900
2023-02-23	12.06	12.35	11.92	12.35	4248000
2023-02-24	11.68	11.89	11.60	11.82	6277300
2023-02-27	11.59	11.82	11.53	11.79	6029900
2023-02-28	11.47	11.72	11.45	11.55	8618800
2023-03-01	11.26	11.64	11.26	11.45	5660500
2023-03-02	11.01	11.18	10.87	11.18	9664200
2023-03-03	11.10	11.20	11.01	11.03	5052900
2023-03-06	10.84	11.16	10.76	11.06	5582400
2023-03-07	10.62	10.85	10.54	10.83	6860400
2023-03-08	10.64	10.80	10.62	10.74	4408100
2023-03-09	10.11	10.70	10.10	10.64	6135400
2023-03-10	9.57	10.05	9.40	10.00	12196000
2023-03-13	9.29	9.64	9.27	9.34	9071800
2023-03-14	9.40	9.73	9.35	9.67	13198100
2023-03-15	9.45	9.54	9.03	9.20	12308600
2023-03-16	9.64	9.68	9.28	9.38	7932800
2023-03-17	9.30	9.55	9.24	9.55	24000000
2023-03-20	9.32	9.57	9.23	9.28	14826800
2023-03-21	9.47	9.62	9.43	9.54	7629300
2023-03-22	9.08	9.48	9.07	9.43	7774400
2023-03-23	8.79	9.25	8.78	9.16	8104900
2023-03-24	8.82	8.97	8.68	8.70	12751600
2023-03-27	9.09	9.20	8.86	8.94	6640900
2023-03-28	8.93	9.12	8.90	9.03	6669700
2023-03-29	9.12	9.19	8.91	9.09	7739700
2023-03-30	9.09	9.36	9.06	9.23	6635500
2023-03-31	9.40	9.56	9.10	9.11	8423000
2023-04-03	9.25	9.52	9.13	9.49	8499500
2023-04-04	8.91	9.38	8.89	9.35	6761400
2023-04-05	8.80	8.93	8.67	8.84	14126500
2023-04-06	9.12	9.19	8.77	8.89	6622500
2023-04-10	9.15	9.17	8.93	9.01	4960400
2023-04-11	9.42	9.52	9.18	9.25	6369600
2023-04-12	9.22	9.63	9.21	9.57	7023200
2023-04-13	9.57	9.66	9.25	9.27	11262200
2023-04-14	9.28	9.69	9.16	9.62	7961600
2023-04-17	9.55	9.63	9.25	9.29	5392000
2023-04-18	9.33	9.58	9.23	9.56	4531800
2023-04-19	9.46	9.47	9.21	9.24	5467800
2023-04-20	9.73	9.81	9.42	9.78	9002900
2023-04-21	9.98	10.02	9.76	9.86	6897000
2023-04-24	10.17	10.18	9.89	9.98	6060200
2023-04-25	9.33	10.00	9.33	9.99	6273100
2023-04-26	9.25	9.40	9.18	9.32	4367100
2023-04-27	9.32	9.46	9.26	9.35	4218800
2023-04-28	9.47	9.53	9.21	9.23	6626800
2023-05-01	9.60	9.65	9.38	9.42	4369800
2023-05-02	9.07	9.59	8.89	9.58	9290400
2023-05-03	9.14	9.43	9.11	9.18	9059500
2023-05-04	8.94	9.11	8.77	9.05	4943500
2023-05-05	9.31	9.40	9.03	9.09	4286800
2023-05-08	9.36	9.46	9.22	9.40	5432600
2023-05-09	9.31	9.59	8.99	9.52	7778500
2023-05-10	9.00	9.56	8.96	9.44	6485200
2023-05-11	8.79	8.97	8.76	8.94	6414400
2023-05-12	8.57	8.78	8.50	8.77	11327200
2023-05-15	8.90	8.91	8.52	8.59	7118700
2023-05-16	8.54	8.80	8.50	8.78	5833000
2023-05-17	8.65	8.80	8.54	8.57	4653100
2023-05-18	8.70	8.72	8.48	8.53	5119300
2023-05-19	8.51	8.80	8.51	8.80	7095700
2023-05-22	8.90	8.93	8.53	8.58	6237500
2023-05-23	8.62	8.96	8.58	8.89	6414100
2023-05-24	8.40	8.58	8.28	8.52	7207800
2023-05-25	8.24	8.36	7.90	8.32	11058000
2023-05-26	8.32	8.42	8.16	8.27	6541500
2023-05-30	8.08	8.42	8.05	8.36	8404800
2023-05-31	8.15	8.32	7.88	8.04	48350100
2023-06-01	8.60	8.65	8.10	8.23	8189300
2023-06-02	9.22	9.23	8.75	8.83	9419900
2023-06-05	9.11	9.30	8.88	9.29	5708100
2023-06-06	9.20	9.27	9.02	9.08	4357000
2023-06-07	9.38	9.45	9.16	9.35	4511400
2023-06-08	9.35	9.41	9.20	9.34	5363200
2023-06-09	9.06	9.35	9.05	9.35	3547600
2023-06-12	9.36	9.41	9.05	9.06	4905000
2023-06-13	10.10	10.27	9.39	9.45	10022700
2023-06-14	9.85	10.21	9.77	10.13	6064400
2023-06-15	10.21	10.27	9.61	9.71	12177700
2023-06-16	10.37	10.42	10.14	10.21	10444400
2023-06-20	10.23	10.31	9.94	10.14	6181900
2023-06-21	9.99	10.24	9.98	10.15	3620800
2023-06-22	9.99	10.06	9.77	9.99	3472500
2023-06-23	9.82	10.02	9.77	9.82	9335500
2023-06-26	9.88	9.95	9.75	9.84	4327600
2023-06-27	10.21	10.22	9.76	9.88	5883100
2023-06-28	9.96	10.23	9.95	10.21	3892000
2023-06-29	10.04	10.19	9.90	9.97	3593900
2023-06-30	10.06	10.17	9.97	10.14	3329000
2023-07-03	10.03	10.17	9.90	10.03	2311000
2023-07-05	9.90	10.02	9.80	9.93	4946900
2023-07-06	9.81	9.87	9.57	9.70	4637800
2023-07-07	10.04	10.21	9.89	9.89	5612900
2023-07-10	10.15	10.25	10.01	10.06	5553200
2023-07-11	10.50	10.68	10.19	10.30	5275200
2023-07-12	10.32	10.74	10.30	10.74	5402800
2023-07-13	10.60	10.66	10.34	10.47	3968300
2023-07-14	11.84	11.92	11.09	11.41	20846600
2023-07-17	11.52	11.83	11.43	11.75	9787500
2023-07-18	11.65	11.79	11.43	11.74	6210400
2023-07-19	11.82	12.00	11.67	11.70	5652900
2023-07-20	11.57	11.85	11.54	11.77	5145200
2023-07-21	12.02	12.21	11.46	11.50	8894500
2023-07-24	12.05	12.33	11.92	12.01	6866400
2023-07-25	11.75	12.30	11.72	12.01	9334300
2023-07-26	12.18	12.22	11.81	11.82	6457800
2023-07-27	12.13	12.37	12.10	12.28	4979600
2023-07-28	11.99	12.53	11.96	12.45	5629800
2023-07-31	12.07	12.16	11.99	12.07	3767500
2023-08-01	11.97	12.10	11.74	11.97	3578900
2023-08-02	11.73	12.00	11.68	11.82	11027500
2023-08-03	11.71	11.82	11.49	11.68	9227100
2023-08-04	11.65	11.83	11.60	11.70	10947000
2023-08-07	12.12	12.72	12.01	12.20	10822000
2023-08-08	12.46	12.52	11.87	12.15	7092000
2023-08-09	12.27	12.60	12.18	12.45	5758800
2023-08-10	12.22	12.43	12.10	12.30	5102700
2023-08-11	12.17	12.37	12.10	12.11	4505900
2023-08-14	12.00	12.18	11.97	12.13	3149000
2023-08-15	11.77	11.93	11.71	11.85	3407700
2023-08-16	11.54	11.76	11.53	11.66	3913700
2023-08-17	11.46	11.68	11.36	11.62	3889800
2023-08-18	11.62	11.63	11.25	11.29	5228200
2023-08-21	11.69	11.76	11.50	11.62	3355800
2023-08-22	11.61	11.83	11.52	11.67	5663500
2023-08-23	11.87	11.91	11.57	11.72	2562200
2023-08-24	11.67	11.93	11.66	11.79	3072200
2023-08-25	11.85	11.97	11.60	11.68	4492300
2023-08-28	12.19	12.33	12.03	12.03	4135600
2023-08-29	12.62	12.67	12.14	12.22	5397000
2023-08-30	12.40	12.57	12.33	12.51	3953500
2023-08-31	12.20	12.55	12.16	12.44	3953500
2023-09-01	12.39	12.62	12.33	12.34	4181300
2023-09-05	12.08	12.39	12.07	12.38	4609200
2023-09-06	11.97	12.05	11.89	12.00	3495300
2023-09-07	11.68	11.87	11.60	11.84	5186900
2023-09-08	11.59	11.70	11.52	11.65	3779200
2023-09-11	11.78	12.00	11.62	11.64	3762100
2023-09-12	11.98	12.04	11.74	11.79	4644700
2023-09-13	11.64	11.95	11.52	11.91	5651100
2023-09-14	11.75	11.86	11.59	11.79	5247300
2023-09-15	11.99	12.07	11.62	11.70	11943000
2023-09-18	11.80	11.95	11.72	11.95	5315000
2023-09-19	11.85	11.90	11.57	11.74	3407000
2023-09-20	11.64	12.03	11.62	11.90	3256100
2023-09-21	11.33	11.61	11.24	11.53	4072000
2023-09-22	11.25	11.41	11.23	11.33	2559700
2023-09-25	11.28	11.30	11.10	11.19	3129500
2023-09-26	11.35	11.39	11.15	11.18	4540500
2023-09-27	11.12	11.47	11.02	11.38	3716500
2023-09-28	11.19	11.33	11.12	11.15	3711900
2023-09-29	11.24	11.38	11.21	11.35	2916900
2023-10-02	10.96	11.22	10.88	11.22	3568400
2023-10-03	10.50	10.86	10.25	10.82	6524700
2023-10-04	10.27	10.68	10.19	10.55	7624900
2023-10-05	9.76	10.14	9.44	10.14	7546800
2023-10-06	9.56	9.71	9.18	9.67	15329700
2023-10-09	9.47	9.53	9.30	9.35	5767100
2023-10-10	10.03	10.03	9.45	9.49	7270400
2023-10-11	9.88	10.06	9.79	9.99	2940300
2023-10-12	9.42	9.86	9.33	9.85	7134600
2023-10-13	9.26	9.54	9.19	9.53	6652300
2023-10-16	9.58	9.61	9.27	9.27	3354400
2023-10-17	9.85	9.95	9.55	9.55	3530800
2023-10-18	9.54	9.70	9.51	9.67	3799500
2023-10-19	9.10	9.51	9.08	9.48	5920800
2023-10-20	9.16	9.34	9.00	9.13	5166700
2023-10-23	9.10	9.27	9.05	9.08	3291700
2023-10-24	9.08	9.31	9.03	9.15	3354600
2023-10-25	8.86	9.06	8.79	8.99	3548300
2023-10-26	8.60	8.96	8.56	8.87	7782400
2023-10-27	8.85	8.86	8.52	8.69	9691000
2023-10-30	8.81	9.07	8.65	8.89	4520400
2023-10-31	8.81	8.95	8.66	8.85	4088100
2023-11-01	8.63	8.81	8.59	8.79	6137800
2023-11-02	9.37	9.41	8.75	8.79	5892600
2023-11-03	9.61	9.76	9.47	9.57	6160000
2023-11-06	9.36	9.66	9.26	9.60	6094400
2023-11-07	10.70	10.91	9.62	9.87	14580100
2023-11-08	10.85	10.92	10.54	10.70	8021500
2023-11-09	10.26	10.95	10.19	10.91	6362800
2023-11-10	10.68	10.74	10.28	10.31	5755100
2023-11-13	10.55	10.81	10.42	10.68	5049800
2023-11-14	11.34	11.54	10.90	10.90	4816500
2023-11-15	11.41	11.64	11.26	11.40	5184200
2023-11-16	11.49	11.53	11.20	11.45	4140200
2023-11-17	11.82	11.84	11.56	11.64	4663300
2023-11-20	11.88	12.03	11.64	11.81	4590100
2023-11-21	11.78	11.96	11.76	11.82	3157300
2023-11-22	11.93	12.00	11.80	11.87	3292200
2023-11-24	11.94	12.01	11.88	11.90	1151900
2023-11-27	12.05	12.11	11.76	11.86	5565800
2023-11-28	11.99	12.05	11.82	12.00	3843700
2023-11-29	12.02	12.31	11.99	12.04	4396900
2023-11-30	11.78	12.08	11.71	12.02	5233800
2023-12-01	12.40	12.41	11.62	11.78	6635400
2023-12-04	12.83	12.88	12.30	12.30	7240600
2023-12-05	12.86	12.99	12.57	12.63	6337400
2023-12-06	12.87	13.21	12.84	13.01	4876800
2023-12-07	12.77	13.12	12.61	13.06	4774100
2023-12-08	12.80	12.96	12.59	12.77	9822400
2023-12-11	12.71	12.81	12.60	12.75	4322300
2023-12-12	12.69	12.78	12.50	12.70	3846600
2023-12-13	13.66	13.81	12.65	12.72	7859200
2023-12-14	13.77	14.28	13.51	13.99	12508200
2023-12-15	13.76	14.28	13.57	14.06	8103600
2023-12-18	13.67	13.89	13.53	13.72	6716600
2023-12-19	14.29	14.38	13.87	14.00	7832100
2023-12-20	14.01	14.48	13.99	14.24	4977300
2023-12-21	14.52	14.58	14.13	14.24	3499100
2023-12-22	14.67	14.81	14.52	14.55	3006900
2023-12-26	14.79	14.90	14.62	14.70	3492300
2023-12-27	14.80	14.95	14.71	14.80	2055500
2023-12-28	14.94	14.97	14.71	14.78	2250700
2023-12-29	14.90	15.10	14.82	14.82	3407400
2024-01-02	14.64	14.86	14.52	14.67	3759800
2024-01-03	14.37	14.42	13.91	14.39	7615400
2024-01-04	14.55	14.73	14.35	14.50	5580500
2024-01-05	15.45	15.94	15.23	15.46	10978800
2024-01-08	15.55	15.85	15.31	15.39	4921600
2024-01-09	15.41	15.74	15.31	15.43	4178700
2024-01-10	15.21	15.50	15.10	15.43	3901400
2024-01-11	15.49	15.53	14.92	14.99	4606200
2024-01-12	15.55	15.87	15.44	15.58	8554400
2024-01-16	15.13	15.36	15.12	15.36	4059600
2024-01-17	14.80	15.07	14.75	14.90	6409300
2024-01-18	14.80	15.00	14.70	14.89	3791100
2024-01-19	14.60	15.06	14.50	15.06	5520800
2024-01-22	14.54	14.90	14.47	14.72	4202500
2024-01-23	14.72	14.82	14.45	14.66	4073300
2024-01-24	14.56	15.04	14.52	14.89	4366100
2024-01-25	14.84	15.00	14.59	14.74	4179300
2024-01-26	15.18	15.28	14.84	14.84	4089300
2024-01-29	15.19	15.25	15.02	15.16	2878300
2024-01-30	15.12	15.19	14.97	15.14	3809900
2024-01-31	14.74	15.33	14.73	15.18	5059000
2024-02-01	14.79	14.92	14.51	14.89	3376700
2024-02-02	14.73	14.84	14.35	14.57	2668600
2024-02-05	15.90	15.93	14.95	15.67	9350800
2024-02-06	16.02	16.07	15.67	15.88	6919800
2024-02-07	15.78	16.08	15.77	16.07	3999300
2024-02-08	15.87	15.95	15.62	15.80	3618600
2024-02-09	15.97	16.01	15.72	15.90	3234100
2024-02-12	16.17	16.34	15.95	15.95	3841400
2024-02-13	15.69	15.92	15.38	15.75	4200700
2024-02-14	16.06	16.11	15.81	15.93	2569500
2024-02-15	16.41	16.56	16.11	16.11	3935600
2024-02-16	16.25	16.55	16.15	16.20	3246900
2024-02-20	16.15	16.33	15.93	16.05	4257000
2024-02-21	16.16	16.19	15.92	16.01	4673200
2024-02-22	16.15	16.38	15.99	16.30	6087800
2024-02-23	16.37	16.45	16.06	16.29	7686300
2024-02-26	16.26	16.88	15.14	15.31	11028200
2024-02-27	16.46	16.65	16.35	16.56	4118600
2024-02-28	15.93	16.36	15.91	16.34	4006100
2024-02-29	15.89	16.21	15.85	16.08	4862700
2024-03-01	16.03	16.15	15.76	15.92	3939100
2024-03-04	16.17	16.26	15.74	16.01	3311700
2024-03-05	15.99	16.39	15.95	16.10	3044000
2024-03-06	16.05	16.25	15.91	16.22	3171300
2024-03-07	16.29	16.30	16.07	16.17	2646600
2024-03-08	16.45	16.51	16.25	16.35	3140000
2024-03-11	16.02	16.73	16.01	16.71	5039600
2024-03-12	15.77	16.13	15.74	16.09	4590100
2024-03-13	15.91	16.32	15.71	15.85	3991100
2024-03-14	15.75	15.88	15.52	15.88	2946800
2024-03-15	15.72	15.86	15.53	15.66	3601300
2024-03-18	15.78	16.04	15.72	15.72	4696500
2024-03-19	15.68	15.83	15.58	15.68	3642200
2024-03-20	16.18	16.18	15.58	15.61	2799800
2024-03-21	16.30	16.51	16.17	16.32	2716100
2024-03-22	15.82	16.43	15.78	16.30	2516500
2024-03-25	15.91	16.20	15.85	15.89	1899500
2024-03-26	15.89	16.06	15.84	16.03	2792900
2024-03-27	16.17	16.17	15.92	15.99	2022400
2024-03-28	16.28	16.41	16.12	16.20	2321900
2024-04-01	15.97	16.41	15.94	16.31	3413700
2024-04-02	15.58	15.85	15.55	15.76	3465900
2024-04-03	15.43	15.80	15.42	15.48	3385400
2024-04-04	15.49	15.80	15.36	15.59	4041700
2024-04-05	15.56	15.67	15.40	15.49	4451800
2024-04-08	15.48	15.66	15.44	15.58	2428800
2024-04-09	15.27	15.56	15.08	15.49	9709200
2024-04-10	14.75	15.05	14.67	14.95	4622100
2024-04-11	14.75	14.95	14.55	14.81	2706200
2024-04-12	14.35	14.74	14.23	14.66	4431900
2024-04-15	13.87	14.54	13.80	14.48	4677700
2024-04-16	13.64	13.90	13.55	13.80	4297900
2024-04-17	13.41	13.81	13.37	13.72	4149600
2024-04-18	13.57	13.74	13.33	13.42	3809100
2024-04-19	12.95	13.49	12.69	13.48	5742000
2024-04-22	12.93	13.19	12.73	13.09	5395900
2024-04-23	13.46	13.73	12.98	13.00	4785000
2024-04-24	13.31	13.82	13.27	13.45	3812100
2024-04-25	13.04	13.22	12.79	13.17	3723000
2024-04-26	13.26	13.36	12.92	13.03	3254100
2024-04-29	13.57	13.84	13.29	13.31	4121600
2024-04-30	13.16	13.55	13.11	13.51	4184300
2024-05-01	13.15	13.46	12.99	13.10	2808000
2024-05-02	13.47	13.54	13.17	13.38	3915600
2024-05-03	13.53	13.77	13.41	13.73	3720000
2024-05-06	13.26	13.65	13.26	13.59	4975000
2024-05-07	13.52	13.68	13.22	13.31	6466600
2024-05-08	16.89	17.23	15.24	15.74	19729100
2024-05-09	17.20	17.43	16.56	16.82	7408600
2024-05-10	17.00	17.34	16.79	17.24	3690200
2024-05-13	17.00	17.21	16.93	17.21	3491700
2024-05-14	17.07	17.27	16.89	17.16	3264900
2024-05-15	17.04	17.40	17.04	17.33	4279400
2024-05-16	16.98	17.17	16.86	16.94	2414500
2024-05-17	17.19	17.42	16.85	17.00	5540400
2024-05-20	17.00	17.16	16.93	17.06	3431000
2024-05-21	16.70	17.14	16.65	16.98	3161300
2024-05-22	16.93	17.30	16.55	16.66	6265800
2024-05-23	16.49	16.91	16.32	16.90	3276000
2024-05-24	16.79	16.85	16.49	16.79	3042100
2024-05-28	17.14	17.18	16.77	16.98	5372000
2024-05-29	17.40	17.58	16.93	17.14	6041500
2024-05-30	17.60	17.82	17.42	17.45	4998000
2024-05-31	17.68	17.84	17.61	17.66	6101500
2024-06-03	17.74	17.88	17.58	17.86	3549500
2024-06-04	18.20	18.27	17.63	17.64	4942200
2024-06-05	18.45	18.65	18.15	18.28	3301300
2024-06-06	18.27	18.50	18.22	18.34	2424600
2024-06-07	18.21	18.23	17.97	18.04	2186500
2024-06-10	18.24	18.30	17.86	18.07	2644600
2024-06-11	18.35	18.52	18.05	18.18	5761400
2024-06-12	17.88	18.80	17.85	18.71	3942100
2024-06-13	18.11	18.14	17.71	17.90	2516000
2024-06-14	18.03	18.12	17.87	17.95	2257800
2024-06-17	18.23	18.24	17.94	17.98	2352500
2024-06-18	18.16	18.40	18.01	18.21	3104500
2024-06-20	18.20	18.30	18.02	18.13	2343400
2024-06-21	18.05	18.30	17.89	18.21	3802900
2024-06-24	18.15	18.55	18.05	18.11	5699600
2024-06-25	17.85	18.23	17.73	18.23	5048600
2024-06-26	17.97	18.09	17.69	17.87	3924600
2024-06-27	14.27	16.15	13.62	16.06	28552300
2024-06-28	14.43	15.12	14.16	14.25	19952300
2024-07-01	14.10	14.76	14.05	14.46	6505800
2024-07-02	14.01	14.25	13.83	14.10	6504200
2024-07-03	14.13	14.44	14.13	14.32	2717200
2024-07-05	14.22	14.28	13.83	14.08	4118600
2024-07-08	13.94	14.30	13.82	14.25	6017700
2024-07-09	13.56	14.22	13.50	14.17	6764900
2024-07-10	13.28	13.67	13.15	13.61	6905100
2024-07-11	13.67	13.84	13.45	13.54	4441500
2024-07-12	13.81	13.82	13.54	13.73	2758500
2024-07-15	13.35	13.81	13.33	13.72	4245800
2024-07-16	13.25	13.54	13.22	13.43	6558900
2024-07-17	13.05	13.46	12.94	13.16	7747300
2024-07-18	12.87	13.44	12.86	13.05	5922100
2024-07-19	12.72	12.92	12.57	12.88	4609300
2024-07-22	12.80	12.89	12.65	12.79	4017600
2024-07-23	13.26	13.28	12.90	13.01	5623300
2024-07-24	13.03	13.24	12.90	13.15	4037500
2024-07-25	12.82	13.15	12.77	12.96	5187600
2024-07-26	12.90	13.14	12.77	12.98	6062000
2024-07-29	12.93	13.07	12.80	13.00	5585500
2024-07-30	12.90	13.02	12.81	12.88	3898500
2024-07-31	13.04	13.32	12.86	12.95	4670600
2024-08-01	13.04	13.26	12.79	13.11	4820500
2024-08-02	12.33	12.79	12.26	12.76	7698000
2024-08-05	11.85	12.08	11.47	11.86	7738000
2024-08-06	12.45	12.56	11.95	12.01	5968400
2024-08-07	12.38	12.81	12.32	12.58	6635500
2024-08-08	12.99	13.29	11.40	11.57	9244000
2024-08-09	13.04	13.30	12.86	12.91	4922200
2024-08-12	13.09	13.21	12.80	12.95	3929900
2024-08-13	13.94	14.25	13.40	13.65	8372600
2024-08-14	14.08	14.31	13.65	13.94	6525200
2024-08-15	14.58	14.88	14.20	14.20	4710700
2024-08-16	14.49	14.63	14.34	14.54	3008200
2024-08-19	14.82	14.85	14.45	14.46	4356100
2024-08-20	14.68	14.94	14.59	14.77	3877500
2024-08-21	14.86	14.87	14.57	14.69	2823300
2024-08-22	14.61	14.98	14.54	14.90	2986700
2024-08-23	14.57	14.81	14.40	14.76	2965100
2024-08-26	14.50	14.74	14.49	14.63	3188100
2024-08-27	15.23	15.49	14.56	14.56	4846500
2024-08-28	15.23	15.50	14.94	15.11	4512000
2024-08-29	15.29	15.61	15.15	15.28	3076900
2024-08-30	15.47	15.70	15.25	15.39	3683700
2024-09-03	15.14	15.53	15.14	15.31	3878400
2024-09-04	15.02	15.21	14.79	15.10	3093200
2024-09-05	15.35	15.48	14.84	15.01	3994500
2024-09-06	15.09	15.57	15.09	15.34	3600500
2024-09-09	14.78	15.19	14.70	15.16	4168200
2024-09-10	14.52	14.95	14.33	14.83	3016100
2024-09-11	14.48	14.51	14.11	14.51	2759200
2024-09-12	14.39	14.57	14.25	14.46	2284200
2024-09-13	14.47	14.62	14.18	14.45	3020900
2024-09-16	14.53	14.65	14.29	14.50	3066300
2024-09-17	14.29	14.74	14.23	14.66	5213400
2024-09-18	14.65	14.95	14.25	14.31	4287700
2024-09-19	15.07	15.78	13.76	14.34	17390500
2024-09-20	14.07	14.90	14.04	14.85	8879900
2024-09-23	14.44	14.46	14.01	14.17	5577700
2024-09-24	13.88	14.50	13.85	14.50	5863600
2024-09-25	13.66	14.06	13.64	13.88	5558100
2024-09-26	13.73	13.80	13.28	13.75	7413200
2024-09-27	14.32	14.68	13.82	14.26	5415400
2024-09-30	14.69	15.14	14.33	14.34	5068100
2024-10-01	14.50	14.73	14.32	14.61	4453100
2024-10-02	14.44	14.81	14.37	14.44	3776600
2024-10-03	14.50	14.62	14.19	14.44	2480600
2024-10-04	14.66	14.79	14.34	14.61	3808500
2024-10-07	14.55	14.85	14.38	14.69	2573700
2024-10-08	14.47	14.98	14.41	14.61	2458000
2024-10-09	14.59	14.60	14.27	14.43	2943700
2024-10-10	14.52	14.76	14.42	14.50	2978500
2024-10-11	14.37	14.66	14.31	14.48	2800800
2024-10-14	14.37	14.50	14.21	14.42	2831400
2024-10-15	13.95	14.46	13.94	14.24	3156900
2024-10-16	13.26	13.96	13.11	13.83	8990200
2024-10-17	12.83	13.21	12.75	13.21	6577700
2024-10-18	12.97	13.19	12.71	12.77	4801300
2024-10-21	12.62	13.16	12.62	12.97	3648700
2024-10-22	12.66	12.68	12.27	12.46	3920600
2024-10-23	12.51	12.69	12.33	12.66	3699500
2024-10-24	12.39	12.66	12.34	12.43	3063400
2024-10-25	12.41	12.47	12.19	12.35	2839400
2024-10-28	12.51	12.63	12.41	12.49	3051300
2024-10-29	12.51	12.62	12.40	12.47	2878700
2024-10-30	12.78	12.78	12.46	12.49	4544700
2024-10-31	12.64	12.79	12.42	12.70	8818800
2024-11-01	12.60	12.75	12.50	12.60	3804500
2024-11-04	12.56	12.83	12.50	12.60	3257000
2024-11-05	12.67	12.77	12.35	12.45	2895700
2024-11-06	12.86	13.10	12.65	12.82	9502700
2024-11-07	14.50	14.75	12.87	13.20	9245600
2024-11-08	14.07	14.40	13.84	14.28	6323600
2024-11-11	14.27	14.44	14.02	14.18	3245500
2024-11-12	14.12	14.71	14.02	14.08	3947100
2024-11-13	14.19	14.32	14.13	14.17	3458300
2024-11-14	14.04	14.24	13.88	14.22	2977600
2024-11-15	13.98	14.07	13.68	13.90	5098100
2024-11-18	13.45	13.90	13.30	13.79	6295800
2024-11-19	13.31	13.45	13.15	13.36	2960700
2024-11-20	13.44	13.47	13.17	13.29	2203800
2024-11-21	13.40	13.58	13.26	13.40	4564600
2024-11-22	13.36	13.46	13.15	13.37	3632800
2024-11-25	13.39	13.65	13.26	13.49	4524200
2024-11-26	13.13	13.36	12.83	13.36	5445600
2024-11-27	13.13	13.48	13.12	13.20	4104300
2024-11-29	13.21	13.41	13.08	13.16	1641800
2024-12-02	13.48	13.48	13.14	13.14	3482500
2024-12-03	12.48	13.48	12.25	13.35	12374900
2024-12-04	12.25	12.53	12.23	12.50	5497000
2024-12-05	12.12	12.35	12.04	12.30	6369000
2024-12-06	12.50	12.60	12.12	12.13	4585200
2024-12-09	12.88	13.05	12.30	12.82	4276900
2024-12-10	12.42	12.99	12.42	12.90	5288900
2024-12-11	12.53	12.68	12.25	12.50	3975700
2024-12-12	12.59	12.64	12.43	12.52	2762600
2024-12-13	12.10	12.62	12.07	12.47	8367000
2024-12-16	12.14	12.24	12.00	12.05	3459500
2024-12-17	12.31	12.36	12.03	12.09	3650200
2024-12-18	11.73	12.47	11.69	12.29	7261400
2024-12-19	11.82	11.90	11.50	11.62	5481300
2024-12-20	11.63	12.19	11.63	11.73	9435800
2024-12-23	11.86	11.92	11.60	11.62	3245700
2024-12-24	11.88	11.95	11.73	11.87	1335800
2024-12-26	12.05	12.16	11.72	11.78	2877200
2024-12-27	12.06	12.19	11.91	11.95	2066600
2024-12-30	11.82	11.99	11.64	11.94	2516000
2024-12-31	12.11	12.13	11.83	11.83	2415200
2025-01-02	12.05	12.41	11.93	12.22	2424400
2025-01-03	11.98	12.23	11.87	12.20	2985500
2025-01-06	11.92	12.37	11.83	12.08	7896400
2025-01-07	11.80	11.94	11.65	11.89	3815400
2025-01-08	11.55	11.78	11.28	11.74	6214700
2025-01-10	11.43	11.53	11.11	11.42	5032800
2025-01-13	11.70	11.72	11.17	11.34	2888500
2025-01-14	11.70	11.88	11.47	11.72	3546200
2025-01-15	11.85	12.02	11.70	11.91	3569100
2025-01-16	12.01	12.05	11.71	11.78	4033700
2025-01-17	12.02	12.19	11.97	12.02	4214500
2025-01-21	12.04	12.16	11.95	12.07	2660100
2025-01-22	12.10	12.19	11.81	11.94	3284800
2025-01-23	12.06	12.22	11.84	12.18	3315300
2025-01-24	12.08	12.27	11.97	12.10	6121400
2025-01-27	12.07	12.22	11.83	12.06	8398700
2025-01-28	12.17	12.47	12.04	12.14	5248300
2025-01-29	12.29	12.39	12.00	12.14	4929700
2025-01-30	12.47	12.70	12.33	12.43	6641000
2025-01-31	12.03	12.48	11.93	12.44	6264500
2025-02-03	11.72	11.93	11.65	11.76	3611800
2025-02-04	11.51	11.73	11.39	11.61	5664500
2025-02-05	12.03	12.10	11.43	11.60	7216900
2025-02-06	11.97	12.14	11.88	12.10	7308600
2025-02-07	11.52	12.17	11.48	11.95	3809500
2025-02-10	11.48	11.66	11.40	11.53	2837100
2025-02-11	11.41	11.58	11.31	11.39	3376600
2025-02-12	11.38	11.52	11.24	11.29	2752500
2025-02-13	11.66	11.68	11.33	11.40	2831900
2025-02-14	11.25	11.77	10.77	11.71	7136800
2025-02-18	11.32	11.34	11.05	11.21	3420200
2025-02-19	11.24	11.34	11.19	11.25	2544400
2025-02-20	11.13	11.34	11.11	11.24	2710600
2025-02-21	11.02	11.50	10.80	11.19	7325600
2025-02-24	11.11	11.37	11.00	11.10	7840000
2025-02-25	10.70	10.90	10.20	10.80	12901400
2025-02-26	11.13	11.47	10.76	10.86	6067900
2025-02-27	10.92	11.19	10.84	11.09	3696800
2025-02-28	11.17	11.27	10.86	10.86	6902200
2025-03-03	11.31	11.46	11.12	11.22	5198100
2025-03-04	10.80	11.47	10.80	11.20	5251000
2025-03-05	10.85	11.05	10.73	10.82	3469300
2025-03-06	10.83	10.86	10.66	10.68	2799400
2025-03-07	11.14	11.15	10.74	10.77	3179700
2025-03-10	10.80	11.19	10.78	10.94	3592000
2025-03-11	10.04	10.66	10.03	10.66	5404600
2025-03-12	10.39	10.47	10.10	10.12	5026000
2025-03-13	10.31	10.44	10.14	10.35	3502400
2025-03-14	10.44	10.65	10.38	10.50	4680900
2025-03-17	10.64	10.80	10.45	10.53	3171200
2025-03-18	10.81	10.92	10.50	10.61	3047600
2025-03-19	10.83	10.99	10.72	10.82	3492600
2025-03-20	10.58	10.94	10.48	10.72	3677700
2025-03-21	10.53	10.68	10.32	10.49	4166400
2025-03-24	10.69	10.74	10.56	10.57	3637300
2025-03-25	10.51	10.83	10.45	10.73	4215300
2025-03-26	10.55	10.62	10.47	10.52	2363300
2025-03-27	10.81	10.85	10.51	10.51	3864700
2025-03-28	10.41	10.80	10.25	10.76	4189500
2025-03-31	10.50	10.52	10.11	10.24	4332400
2025-04-01	10.35	10.58	10.27	10.47	3486500
2025-04-02	10.77	10.80	10.21	10.24	3401400
2025-04-03	9.72	10.50	9.67	10.47	8760200
2025-04-04	9.15	9.61	8.80	9.46	9132500
2025-04-07	8.94	9.39	8.44	8.76	8542700
2025-04-08	8.33	9.28	8.19	9.25	8044900
2025-04-09	9.38	9.50	8.03	8.17	12595800
2025-04-10	8.71	9.15	8.22	9.11	6171800
2025-04-11	8.62	8.72	8.21	8.70	5847900
2025-04-14	8.68	8.85	8.48	8.82	5209000
2025-04-15	8.24	8.80	8.20	8.64	4925300
2025-04-16	8.10	8.43	8.09	8.17	6385900
2025-04-17	8.44	8.46	8.02	8.10	5406600
2025-04-21	8.48	8.55	8.33	8.35	4855900
2025-04-22	8.89	8.91	8.59	8.61	4681800
2025-04-23	9.19	9.51	9.13	9.20	5910500
2025-04-24	9.46	9.66	9.14	9.27	5446800
2025-04-25	9.46	9.48	9.26	9.40	4397200
2025-04-28	9.51	9.61	9.40	9.44	5245800
2025-04-29	9.74	9.77	9.33	9.46	6441200
2025-04-30	9.48	9.64	9.37	9.64	4288900
2025-05-01	9.47	9.64	9.32	9.56	3215900
2025-05-02	9.75	9.91	9.70	9.71	3510100
2025-05-05	9.65	9.79	9.51	9.65	4374000
2025-05-06	9.51	9.74	9.42	9.61	6908500
2025-05-07	12.01	12.14	10.75	10.83	22253700
2025-05-08	12.28	12.50	11.83	12.08	9692800
2025-05-09	11.96	12.28	11.92	12.22	8518400
2025-05-12	12.82	12.91	12.30	12.40	7583800
2025-05-13	13.02	13.21	12.61	12.80	9076900
2025-05-14	12.88	13.10	12.74	12.93	6545400
2025-05-15	12.94	13.00	12.67	12.75	5101700
2025-05-16	12.92	13.01	12.80	12.90	4512400
2025-05-19	13.22	13.28	12.68	12.74	7555800
2025-05-20	13.08	13.38	12.94	13.17	5913000
2025-05-21	12.62	13.07	12.55	13.04	3922800
2025-05-22	12.67	12.79	12.47	12.55	4875500
2025-05-23	12.66	12.74	12.40	12.43	4743400
2025-05-27	13.18	13.33	12.90	12.96	7537600
2025-05-28	13.40	13.43	12.97	13.10	8142400
2025-05-29	13.52	14.20	13.44	13.54	10333400
2025-05-30	13.44	13.66	13.24	13.46	7178700
2025-06-02	13.42	13.49	13.09	13.43	5226300
2025-06-03	13.46	13.52	13.14	13.37	5657900
2025-06-04	13.44	13.69	13.41	13.52	4387500
2025-06-05	13.43	13.51	13.29	13.49	3134900
2025-06-06	13.90	14.05	13.56	13.63	7022300
2025-06-09	13.92	14.25	13.61	13.99	9006100
2025-06-10	14.30	14.33	13.89	13.99	6988500
2025-06-11	14.27	14.51	14.16	14.29	4420400
2025-06-12	14.17	14.27	14.07	14.20	3152100
2025-06-13	13.81	14.09	13.39	13.67	4284900
2025-06-16	13.99	14.15	13.87	13.95	6427100
2025-06-17	13.61	13.98	13.57	13.91	4103400
2025-06-18	13.33	13.63	13.32	13.59	6939900
2025-06-20	13.46	13.54	13.33	13.41	5888300
2025-06-23	13.35	13.50	13.16	13.40	3755700
2025-06-24	13.51	13.59	13.23	13.50	5963600
2025-06-25	13.76	14.11	13.42	13.53	7182300
2025-06-26	14.30	14.37	14.06	14.21	6267400
2025-06-27	14.29	14.46	14.13	14.40	5611500
2025-06-30	14.28	14.50	14.01	14.23	3566400
2025-07-01	14.43	14.79	14.13	14.19	5456900
2025-07-02	14.72	14.79	14.55	14.66	4666800
2025-07-03	14.64	14.81	14.57	14.66	2007900
2025-07-07	14.47	14.75	14.47	14.60	3207100
2025-07-08	14.75	14.83	14.49	14.53	6009800
2025-07-09	14.78	14.98	14.62	14.86	4926600
2025-07-10	15.04	15.15	14.66	14.76	4560100
2025-07-11	14.90	15.02	14.78	14.84	3844000
2025-07-14	14.89	14.93	14.68	14.79	3824800
2025-07-15	14.61	15.05	14.60	15.00	4283300
2025-07-16	14.51	14.67	14.38	14.64	3796700
2025-07-17	14.96	14.99	14.66	14.95	4998800
2025-07-18	14.78	15.16	14.77	15.09	3045300
2025-07-21	14.68	14.88	14.61	14.88	3551800
2025-07-22	14.93	15.00	14.66	14.72	3755700
2025-07-23	15.02	15.18	14.94	15.12	3839100
2025-07-24	14.69	15.15	14.68	15.04	6504100
2025-07-25	14.92	14.94	14.59	14.82	4613400
2025-07-28	14.58	15.00	14.49	14.91	4860900
2025-07-29	14.39	14.60	14.28	14.60	4081000
2025-07-30	14.12	14.47	14.06	14.47	6565900
2025-07-31	13.68	14.21	13.63	14.00	5405400
2025-08-01	13.79	13.84	13.39	13.50	5034500
2025-08-04	14.07	14.16	13.75	13.87	5346100
2025-08-05	14.20	14.40	13.97	14.30	6894100
2025-08-06	13.95	14.14	13.76	14.07	11003400
2025-08-07	16.48	16.70	15.50	15.74	13791500
2025-08-08	16.67	16.67	16.15	16.53	7532500
2025-08-11	17.10	17.29	16.89	17.00	9647700
2025-08-12	17.43	17.48	17.09	17.22	5883900
2025-08-13	17.81	17.83	17.42	17.49	5584900
2025-08-14	18.00	18.00	17.39	17.57	4483400
2025-08-15	17.96	18.09	17.75	17.98	6846900
2025-08-18	17.70	18.00	17.66	17.79	4011000
2025-08-19	17.52	17.85	17.45	17.70	5698700
2025-08-20	17.46	17.65	17.34	17.54	7096600
2025-08-21	17.49	17.70	17.33	17.33	6856000
2025-08-22	17.91	18.00	17.41	17.55	6722600
2025-08-25	17.79	17.91	17.70	17.90	3523700
2025-08-26	17.90	17.98	17.73	17.82	3129400
2025-08-27	18.49	18.87	18.41	18.80	22442500
2025-08-28	18.45	18.62	18.37	18.47	12735200
2025-08-29	18.35	18.57	18.16	18.37	71268800
2025-09-02	17.85	18.11	17.78	18.08	9915200
2025-09-03	17.35	17.86	17.13	17.82	6426100
2025-09-04	17.47	17.50	17.11	17.35	7160500
2025-09-05	18.43	18.43	17.51	17.51	6921900
2025-09-08	19.05	19.08	18.34	18.34	8434600
2025-09-09	18.76	19.07	18.56	19.00	4635800
2025-09-10	18.33	18.94	18.33	18.76	4016100
2025-09-11	18.78	18.91	18.35	18.45	3595700
2025-09-12	18.53	18.82	18.22	18.69	5246000
2025-09-15	18.64	18.77	18.31	18.55	7479200
2025-09-16	18.63	18.66	18.23	18.56	4845900
2025-09-17	18.43	18.93	18.22	18.70	5196700
2025-09-18	19.10	19.27	18.45	18.51	6941800
2025-09-19	19.20	19.25	18.93	19.10	8550400
2025-09-22	19.03	19.35	18.96	19.10	6163000
2025-09-23	18.54	19.34	18.53	19.05	4922300
2025-09-24	18.75	19.23	18.59	19.11	4512900
2025-09-25	18.92	18.96	18.48	18.61	4017700
2025-09-26	19.61	19.70	18.93	18.93	5012400
2025-09-29	19.61	19.75	19.42	19.61	4073700
2025-09-30	20.14	20.19	19.46	19.58	5493400
2025-10-01	20.80	20.92	20.05	20.18	7967400
2025-10-02	20.47	20.92	20.43	20.72	5746400
2025-10-03	20.64	20.90	20.39	20.66	6825100
2025-10-06	20.66	20.84	20.42	20.64	3781500
2025-10-07	20.45	21.76	20.44	21.12	6640600
2025-10-08	20.34	20.58	20.29	20.50	5237900
2025-10-09	20.07	20.60	20.05	20.55	3815200
2025-10-10	19.76	20.28	19.45	20.10	4599700
2025-10-13	20.04	20.38	19.97	20.05	4519000
2025-10-14	20.22	20.65	19.61	19.70	5200600
2025-10-15	20.51	20.63	20.08	20.33	5202000
2025-10-16	20.52	20.75	20.21	20.70	3354300
2025-10-17	21.42	21.45	20.27	20.47	5336000
2025-10-20	21.72	21.82	21.47	21.59	4539200
2025-10-21	21.62	21.77	21.41	21.77	3459400
2025-10-22	21.64	21.76	21.19	21.56	5220700
2025-10-23	21.77	21.78	21.22	21.58	3683100
2025-10-24	22.05	22.26	21.86	21.94	3993700
2025-10-27	22.27	22.45	21.99	22.45	3920200
2025-10-28	22.12	22.27	21.80	22.16	3238600
2025-10-29	22.59	22.73	21.97	22.06	6421700
2025-10-30	22.57	22.86	22.34	22.40	5625300
2025-10-31	22.15	22.84	22.13	22.52	5525200
2025-11-03	22.85	22.96	21.90	22.05	6715500
2025-11-04	22.50	22.84	22.15	22.23	10704800
2025-11-05	21.60	22.94	21.38	22.93	12801882
