Date	Close	High	Low	Open	Volume
	SPYU	SPYU	SPYU	SPYU	SPYU
2023-12-04	10.619999885559082	10.619999885559082	10.619999885559082	10.619999885559082	0
2023-12-05	24.899999618530273	25.170000076293945	24.670000076293945	24.799999237060547	52600
2023-12-06	24.559999465942383	25.530000686645508	24.461000442504883	25.530000686645508	161200
2023-12-07	25.25	25.360000610351562	24.850000381469727	24.899999618530273	147100
2023-12-08	25.649999618530273	25.760000228881836	24.989999771118164	25.049999237060547	442000
2023-12-11	26.040000915527344	26.048999786376953	25.459999084472656	25.520000457763672	267900
2023-12-12	26.459999084472656	26.469999313354492	25.69099998474121	25.93000030517578	863400
2023-12-13	27.889999389648438	28.009000778198242	26.452999114990234	26.559999465942383	748200
2023-12-14	28.18000030517578	28.610000610351562	27.579999923706055	28.329999923706055	701500
2023-12-15	28.010000228881836	28.290000915527344	27.780000686645508	28.020000457763672	549000
2023-12-18	28.59000015258789	28.809999465942383	28.371000289916992	28.3799991607666	495400
2023-12-19	29.280000686645508	29.280000686645508	28.709999084472656	28.729999542236328	975200
2023-12-20	27.520000457763672	29.5	27.520000457763672	29.0	1035400
2023-12-21	28.600000381469727	28.6299991607666	27.670000076293945	28.360000610351562	877800
2023-12-22	28.780000686645508	29.200000762939453	28.309999465942383	28.81999969482422	982100
2023-12-26	29.200000762939453	29.440000534057617	28.850000381469727	28.860000610351562	453000
2023-12-27	29.329999923706055	29.43000030517578	29.020000457763672	29.170000076293945	488500
2023-12-28	29.34000015258789	29.55500030517578	29.260000228881836	29.399999618530273	386800
2023-12-29	28.959999084472656	29.399999618530273	28.489999771118164	29.290000915527344	716200
2024-01-02	28.229999542236328	28.549999237060547	27.790000915527344	28.200000762939453	776800
2024-01-03	27.299999237060547	27.920000076293945	27.229999542236328	27.739999771118164	919700
2024-01-04	26.959999084472656	27.799999237060547	26.889999389648438	27.18000030517578	669400
2024-01-05	27.059999465942383	27.635000228881836	26.729999542236328	26.950000762939453	1333000
2024-01-08	28.56999969482422	28.600000381469727	27.139999389648438	27.139999389648438	588200
2024-01-09	28.389999389648438	28.6299991607666	27.799999237060547	27.90999984741211	618600
2024-01-10	29.0	29.190000534057617	28.360000610351562	28.440000534057617	742300
2024-01-11	28.829999923706055	29.274999618530273	27.8799991607666	29.170000076293945	1261000
2024-01-12	28.8799991607666	29.360000610351562	28.56999969482422	29.209999084472656	1159500
2024-01-16	28.450000762939453	28.860000610351562	28.020000457763672	28.530000686645508	910700
2024-01-17	27.809999465942383	27.920000076293945	27.25	27.670000076293945	632900
2024-01-18	28.729999542236328	28.84000015258789	27.790000915527344	28.1200008392334	989000
2024-01-19	30.100000381469727	30.170000076293945	28.81999969482422	28.969999313354492	905000
2024-01-22	30.360000610351562	30.790000915527344	30.200000762939453	30.510000228881836	616900
2024-01-23	30.670000076293945	30.729999542236328	30.190000534057617	30.450000762939453	415000
2024-01-24	30.790000915527344	31.63800048828125	30.700000762939453	31.399999618530273	1256400
2024-01-25	31.329999923706055	31.40999984741211	30.709999084472656	31.260000228881836	1031700
2024-01-26	31.229999542236328	31.625	30.979999542236328	31.260000228881836	507600
2024-01-29	32.130001068115234	32.16999816894531	31.100000381469727	31.25	1139400
2024-01-30	32.040000915527344	32.20600128173828	31.809999465942383	31.940000534057617	1618500
2024-01-31	29.860000610351562	31.5049991607666	29.860000610351562	31.389999389648438	1829300
2024-02-01	31.3799991607666	31.3799991607666	30.06999969482422	30.25	1618400
2024-02-02	32.650001525878906	33.11000061035156	31.420000076293945	31.489999771118164	1316000
2024-02-05	32.209999084472656	32.61000061035156	31.600000381469727	32.47999954223633	855000
2024-02-06	32.540000915527344	32.619998931884766	32.04999923706055	32.41999816894531	622100
2024-02-07	33.560001373291016	33.689998626708984	32.88999938964844	33.130001068115234	671700
2024-02-08	33.56999969482422	33.65999984741211	33.29999923706055	33.52000045776367	635100
2024-02-09	34.279998779296875	34.41999816894531	33.58000183105469	33.66999816894531	1024700
2024-02-12	34.189998626708984	34.900001525878906	34.029998779296875	34.2599983215332	703100
2024-02-13	32.29999923706055	32.779998779296875	31.389999389648438	32.40999984741211	1101900
2024-02-14	33.439998626708984	33.56999969482422	32.369998931884766	32.9900016784668	1486300
2024-02-15	34.27000045776367	34.27799987792969	33.38999938964844	33.540000915527344	862800
2024-02-16	33.54999923706055	34.45000076293945	33.400001525878906	34.13999938964844	1381700
2024-02-20	32.779998779296875	33.209999084472656	32.16999816894531	33.029998779296875	631200
2024-02-21	32.869998931884766	32.900001525878906	31.90999984741211	32.38999938964844	574400
2024-02-22	35.4900016784668	35.7599983215332	34.31999969482422	34.560001373291016	657700
2024-02-23	35.529998779296875	36.20000076293945	35.361000061035156	35.97999954223633	628500
2024-02-26	34.9900016784668	35.779998779296875	34.9900016784668	35.63999938964844	981300
2024-02-27	35.2400016784668	35.29499816894531	34.63999938964844	35.16999816894531	865400
2024-02-28	34.97999954223633	35.18000030517578	34.65999984741211	34.77000045776367	937800
2024-02-29	35.38999938964844	35.880001068115234	34.689998626708984	35.45000076293945	1545800
2024-03-01	36.720001220703125	36.84000015258789	35.54999923706055	35.66999816894531	1315600
2024-03-04	36.52000045776367	37.09000015258789	36.470001220703125	36.470001220703125	795600
2024-03-05	35.02000045776367	36.060001373291016	34.400001525878906	35.900001525878906	997800
2024-03-06	35.72999954223633	36.369998931884766	35.380001068115234	35.959999084472656	1557600
2024-03-07	37.06999969482422	37.3650016784668	36.34000015258789	36.59000015258789	1052100
2024-03-08	36.15999984741211	38.0099983215332	35.970001220703125	37.22999954223633	1972500
2024-03-11	35.95000076293945	36.13999938964844	35.189998626708984	35.7400016784668	1176700
2024-03-12	37.4900016784668	37.650001525878906	35.83599853515625	36.560001373291016	1001300
2024-03-13	37.2400016784668	37.60900115966797	36.810001373291016	37.54999923706055	791200
2024-03-14	36.84000015258789	37.470001220703125	35.939998626708984	37.43000030517578	1423300
2024-03-15	35.779998779296875	36.31999969482422	35.369998931884766	35.880001068115234	1455400
2024-03-18	36.599998474121094	37.34000015258789	36.4900016784668	36.900001525878906	1223900
2024-03-19	37.38999938964844	37.459999084472656	36.08000183105469	36.38999938964844	1335600
2024-03-20	38.709999084472656	38.77000045776367	37.189998626708984	37.38999938964844	1389100
2024-03-21	39.11000061035156	39.72600173950195	39.06999969482422	39.529998779296875	1757300
2024-03-22	38.849998474121094	39.22999954223633	38.77000045776367	39.08000183105469	1850000
2024-03-25	38.349998474121094	38.709999084472656	38.29999923706055	38.380001068115234	1346600
2024-03-26	37.97999954223633	38.84000015258789	37.93000030517578	38.77000045776367	1324400
2024-03-27	39.16999816894531	39.18000030517578	38.11000061035156	38.7400016784668	1750300
2024-03-28	39.099998474121094	39.56999969482422	39.029998779296875	39.18000030517578	1238800
2024-04-01	38.810001373291016	39.474998474121094	38.470001220703125	39.310001373291016	1091000
2024-04-02	37.77000045776367	37.81999969482422	37.08000183105469	37.59000015258789	1428200
2024-04-03	37.91999816894531	38.36000061035156	37.40999984741211	37.439998626708984	1672500
2024-04-04	35.97999954223633	39.119998931884766	35.88999938964844	39.0099983215332	2449300
2024-04-05	37.43000030517578	37.9900016784668	36.209999084472656	36.34000015258789	2486700
2024-04-08	37.4900016784668	37.900001525878906	37.25	37.61000061035156	1142100
2024-04-09	37.599998474121094	38.02000045776367	36.20000076293945	37.959999084472656	1845900
2024-04-10	36.119998931884766	36.66999816894531	35.5099983215332	35.91999816894531	4183800
2024-04-11	37.08000183105469	37.5	35.43000030517578	36.41999816894531	1803900
2024-04-12	35.0099983215332	36.41999816894531	34.492000579833984	36.02000045776367	2269300
2024-04-15	33.25	36.18000030517578	32.970001220703125	36.150001525878906	3151200
2024-04-16	32.95000076293945	33.689998626708984	32.599998474121094	33.29999923706055	2407800
2024-04-17	32.13999938964844	33.595001220703125	31.770000457763672	33.56999969482422	2732300
2024-04-18	31.760000228881836	32.959999084472656	31.530000686645508	32.40999984741211	1811900
2024-04-19	30.649999618530273	32.0	30.309999465942383	31.719999313354492	2921800
2024-04-22	31.700000762939453	32.40800094604492	30.690000534057617	31.280000686645508	2095600
2024-04-23	33.209999084472656	33.334999084472656	32.119998931884766	32.2400016784668	1568700
2024-04-24	33.119998931884766	33.650001525878906	32.529998779296875	33.439998626708984	2000900
2024-04-25	32.54999923706055	32.7400016784668	30.979999542236328	31.40999984741211	2568100
2024-04-26	33.77000045776367	34.16999816894531	33.09700012207031	33.2400016784668	1643700
2024-04-29	34.18000030517578	34.380001068115234	33.459999084472656	34.18000030517578	1391200
2024-04-30	32.029998779296875	34.040000915527344	32.02000045776367	33.7599983215332	2023800
2024-05-01	31.510000228881836	33.540000915527344	31.440000534057617	31.799999237060547	1846200
2024-05-02	32.63999938964844	32.869998931884766	31.28499984741211	32.45000076293945	1492700
2024-05-03	34.25	34.59000015258789	33.560001373291016	34.209999084472656	2282600
2024-05-06	35.619998931884766	35.630001068115234	34.7599983215332	34.849998474121094	884100
2024-05-07	35.7400016784668	36.150001525878906	35.564998626708984	35.880001068115234	861500
2024-05-08	35.70000076293945	35.88999938964844	35.16999816894531	35.20000076293945	778700
2024-05-09	36.45000076293945	36.47999954223633	35.51900100708008	35.720001220703125	760600
2024-05-10	36.59000015258789	37.125	36.279998779296875	36.900001525878906	899700
2024-05-13	36.630001068115234	37.13999938964844	36.310001373291016	37.13999938964844	756900
2024-05-14	37.22999954223633	37.400001525878906	36.48500061035156	36.619998931884766	778200
2024-05-15	39.040000915527344	39.14899826049805	37.7599983215332	37.959999084472656	1403900
2024-05-16	38.61000061035156	39.47999954223633	38.61000061035156	39.0	1807700
2024-05-17	38.84000015258789	38.84000015258789	38.21500015258789	38.63999938964844	818800
2024-05-20	38.95000076293945	39.40999984741211	38.7400016784668	38.849998474121094	671500
2024-05-21	39.29999923706055	39.369998931884766	38.65999984741211	38.720001220703125	686200
2024-05-22	38.790000915527344	39.290000915527344	38.16999816894531	39.11000061035156	1134100
2024-05-23	37.54999923706055	39.650001525878906	37.209999084472656	39.63999938964844	1644800
2024-05-24	38.540000915527344	38.7599983215332	37.79999923706055	38.09000015258789	833500
2024-05-28	38.540000915527344	38.790000915527344	37.79999923706055	38.56999969482422	220100
2024-05-29	37.4900016784668	37.84000015258789	37.279998779296875	37.380001068115234	596100
2024-05-30	36.470001220703125	37.189998626708984	36.11000061035156	36.97999954223633	1234900
2024-05-31	37.720001220703125	37.720001220703125	35.19499969482422	36.63999938964844	521700
2024-06-03	37.77000045776367	38.15800094604492	25.540000915527344	38.13999938964844	661900
2024-06-04	37.900001525878906	38.13999938964844	36.970001220703125	37.400001525878906	593000
2024-06-05	39.650001525878906	39.689998626708984	38.02000045776367	38.54999923706055	683800
2024-06-06	39.63999938964844	39.880001068115234	39.06999969482422	39.779998779296875	447900
2024-06-07	39.36000061035156	40.20000076293945	38.959999084472656	39.27000045776367	437500
2024-06-10	39.810001373291016	39.91899871826172	38.91999816894531	39.09000015258789	266200
2024-06-11	40.130001068115234	40.15999984741211	38.73899841308594	39.29999923706055	411900
2024-06-12	41.41999816894531	42.257999420166016	41.20800018310547	41.52000045776367	692600
2024-06-13	41.709999084472656	41.97999954223633	40.880001068115234	41.97999954223633	545100
2024-06-14	41.709999084472656	41.755001068115234	40.869998931884766	41.13999938964844	438100
2024-06-17	43.0	43.41999816894531	41.34400177001953	41.5	511500
2024-06-18	43.380001068115234	43.439998626708984	42.86000061035156	43.0099983215332	267400
2024-06-20	42.849998474121094	43.87099838256836	42.349998474121094	43.68000030517578	693900
2024-06-21	42.439998626708984	42.904998779296875	42.06100082397461	42.5099983215332	244700
2024-06-24	41.90999984741211	43.2599983215332	41.90999984741211	42.470001220703125	371900
2024-06-25	42.56999969482422	42.65999984741211	41.86000061035156	42.31999969482422	390000
2024-06-26	42.720001220703125	42.970001220703125	41.97999954223633	42.25	249300
2024-06-27	42.95000076293945	43.150001525878906	42.435001373291016	42.65999984741211	493300
2024-06-28	42.13999938964844	44.09000015258789	41.849998474121094	43.119998931884766	610400
2024-07-01	42.4900016784668	42.65999984741211	41.61000061035156	42.619998931884766	368200
2024-07-02	43.619998931884766	43.619998931884766	41.959999084472656	41.97999954223633	305600
2024-07-03	44.27000045776367	44.402000427246094	43.43000030517578	43.439998626708984	207000
2024-07-05	45.209999084472656	45.33000183105469	44.09000015258789	44.27000045776367	264000
2024-07-08	45.380001068115234	45.66999816894531	45.040000915527344	45.459999084472656	211100
2024-07-09	45.5099983215332	45.939998626708984	45.43000030517578	45.63999938964844	374800
2024-07-10	47.220001220703125	47.36899948120117	45.79999923706055	45.849998474121094	244500
2024-07-11	45.540000915527344	47.54999923706055	45.380001068115234	47.279998779296875	483400
2024-07-12	46.599998474121094	47.83000183105469	45.75	45.849998474121094	462300
2024-07-15	47.11000061035156	48.189998626708984	46.47999954223633	47.290000915527344	393100
2024-07-16	48.13999938964844	48.257999420166016	47.27000045776367	47.529998779296875	334900
2024-07-17	45.40999984741211	46.62799835205078	45.334999084472656	46.040000915527344	425200
2024-07-18	44.0099983215332	46.20000076293945	43.29999923706055	45.90999984741211	513800
2024-07-19	42.68000030517578	44.29999923706055	42.38999938964844	43.7400016784668	434100
2024-07-22	44.40999984741211	44.619998931884766	43.349998474121094	43.900001525878906	581700
2024-07-23	44.119998931884766	45.060001373291016	43.9119987487793	44.33000183105469	404500
2024-07-24	40.09000015258789	42.599998474121094	39.75	42.47999954223633	641700
2024-07-25	39.15999984741211	41.84000015258789	38.93000030517578	40.04999923706055	724600
2024-07-26	40.849998474121094	41.61000061035156	39.99100112915039	40.22999954223633	472300
2024-07-29	40.91999816894531	41.59000015258789	40.33000183105469	41.29999923706055	397600
2024-07-30	40.029998779296875	41.619998931884766	39.0	41.31999969482422	568400
2024-07-31	42.47999954223633	43.38999938964844	41.70000076293945	42.060001373291016	660200
2024-08-01	40.189998626708984	43.81999969482422	39.09000015258789	43.099998474121094	1233900
2024-08-02	37.08000183105469	38.27000045776367	35.79999923706055	37.90999984741211	1055500
2024-08-05	32.7400016784668	34.369998931884766	30.719999313354492	31.100000381469727	954700
2024-08-06	33.86000061035156	35.779998779296875	32.81999969482422	33.150001525878906	949000
2024-08-07	32.93000030517578	36.279998779296875	32.790000915527344	35.5099983215332	791600
2024-08-08	35.91999816894531	36.099998474121094	33.7400016784668	34.2599983215332	550800
2024-08-09	36.459999084472656	36.849998474121094	35.33000183105469	35.650001525878906	491700
2024-08-12	36.560001373291016	37.209999084472656	35.97999954223633	36.79999923706055	564500
2024-08-13	38.88999938964844	38.957000732421875	37.31999969482422	37.31999969482422	489200
2024-08-14	39.349998474121094	39.70000076293945	38.349998474121094	39.119998931884766	434500
2024-08-15	42.02000045776367	42.099998474121094	40.869998931884766	41.029998779296875	583000
2024-08-16	42.27000045776367	42.52000045776367	41.40999984741211	41.40999984741211	427400
2024-08-19	43.86000061035156	43.869998931884766	42.16999816894531	42.400001525878906	354200
2024-08-20	43.540000915527344	44.24700164794922	43.16999816894531	43.72999954223633	302300
2024-08-21	44.15999984741211	44.58000183105469	43.29999923706055	43.880001068115234	468500
2024-08-22	42.70000076293945	44.86000061035156	42.32600021362305	44.790000915527344	441600
2024-08-23	44.36000061035156	44.689998626708984	42.9900016784668	43.599998474121094	611500
2024-08-26	43.900001525878906	44.91899871826172	43.400001525878906	44.68000030517578	379700
2024-08-27	44.11000061035156	44.279998779296875	43.150001525878906	43.470001220703125	299900
2024-08-28	43.11000061035156	44.119998931884766	42.07500076293945	43.970001220703125	344400
2024-08-29	43.060001373291016	44.667999267578125	42.70000076293945	43.68000030517578	720800
2024-08-30	44.52000045776367	44.63999938964844	42.54100036621094	43.540000915527344	464000
2024-09-03	40.83000183105469	43.56999969482422	40.02000045776367	43.4900016784668	1053000
2024-09-04	40.380001068115234	41.470001220703125	40.02000045776367	40.130001068115234	553800
2024-09-05	40.02000045776367	41.2400016784668	39.290000915527344	40.380001068115234	418500
2024-09-06	37.22999954223633	40.441001892089844	36.970001220703125	39.9900016784668	1061000
2024-09-09	38.81999969482422	39.20000076293945	37.86000061035156	38.369998931884766	744400
2024-09-10	39.5	39.540000915527344	38.0	39.38999938964844	444700
2024-09-11	41.040000915527344	41.3390007019043	36.900001525878906	39.43000030517578	1177600
2024-09-12	42.38999938964844	42.5099983215332	40.59000015258789	41.209999084472656	737600
2024-09-13	43.18000030517578	43.5099983215332	42.470001220703125	42.5	789800
2024-09-16	43.41999816894531	43.5099983215332	42.52000045776367	43.08000183105469	508400
2024-09-17	43.4900016784668	44.540000915527344	42.790000915527344	44.11000061035156	841800
2024-09-18	42.90999984741211	45.16999816894531	42.7400016784668	43.619998931884766	1212900
2024-09-19	45.77000045776367	46.38999938964844	44.939998626708984	45.810001373291016	1551000
2024-09-20	45.310001373291016	45.70000076293945	44.38999938964844	45.27000045776367	717200
2024-09-23	45.7400016784668	45.97999954223633	45.29999923706055	45.709999084472656	874400
2024-09-24	46.22999954223633	46.25	45.08000183105469	46.02000045776367	674600
2024-09-25	45.83000183105469	46.43000030517578	45.470001220703125	46.20000076293945	479500
2024-09-26	46.529998779296875	47.290000915527344	45.79999923706055	47.209999084472656	544700
2024-09-27	46.130001068115234	47.0	45.790000915527344	46.779998779296875	570900
2024-09-30	46.88999938964844	47.02000045776367	45.02000045776367	45.779998779296875	578500
2024-10-01	45.11000061035156	46.70899963378906	44.279998779296875	46.650001525878906	1351800
2024-10-02	45.15999984741211	45.459999084472656	44.02000045776367	44.779998779296875	591300
2024-10-03	44.7400016784668	45.400001525878906	44.040000915527344	44.650001525878906	1047300
2024-10-04	46.279998779296875	46.400001525878906	44.79999923706055	46.119998931884766	842800
2024-10-07	44.56999969482422	45.93000030517578	44.25	45.72999954223633	677200
2024-10-08	46.189998626708984	46.400001525878906	45.09000015258789	45.349998474121094	607200
2024-10-09	47.439998626708984	47.630001068115234	46.0	46.209999084472656	610700
2024-10-10	47.099998474121094	47.56999969482422	46.56999969482422	46.970001220703125	626300
2024-10-11	48.099998474121094	48.34000015258789	46.91999816894531	46.939998626708984	839200
2024-10-14	49.599998474121094	49.93000030517578	48.5	48.63999938964844	724500
2024-10-15	48.06999969482422	49.790000915527344	47.689998626708984	49.72999954223633	627300
2024-10-16	48.81999969482422	49.02000045776367	47.7599983215332	48.040000915527344	639800
2024-10-17	48.790000915527344	50.08000183105469	48.7599983215332	50.02000045776367	811400
2024-10-18	49.41999816894531	49.72999954223633	48.81399917602539	49.310001373291016	1015500
2024-10-21	49.09000015258789	49.5	48.06999969482422	49.15999984741211	704200
2024-10-22	48.93000030517578	49.33000183105469	47.97999954223633	48.209999084472656	520000
2024-10-23	47.11000061035156	48.349998474121094	45.939998626708984	48.209999084472656	901800
2024-10-24	47.439998626708984	47.75	46.630001068115234	47.75	542400
2024-10-25	47.31999969482422	49.08000183105469	47.0	48.13999938964844	950800
2024-10-28	47.810001373291016	48.43000030517578	47.7599983215332	48.43000030517578	486700
2024-10-29	48.06999969482422	48.4900016784668	47.020999908447266	47.5099983215332	499800
2024-10-30	47.459999084472656	48.58000183105469	47.279998779296875	47.95000076293945	570900
2024-10-31	43.66999816894531	46.029998779296875	43.65999984741211	46.029998779296875	1104900
2024-11-01	44.34000015258789	45.75	44.2400016784668	44.439998626708984	680800
2024-11-04	43.93000030517578	44.779998779296875	43.36000061035156	44.369998931884766	784900
2024-11-05	46.02000045776367	46.02000045776367	44.15999984741211	44.22999954223633	558400
2024-11-06	50.54999923706055	50.849998474121094	48.790000915527344	50.0	1355900
2024-11-07	52.04999923706055	52.41999816894531	51.209999084472656	51.2400016784668	804600
2024-11-08	52.84000015258789	53.33000183105469	52.099998474121094	52.099998474121094	621900
2024-11-11	53.0	53.529998779296875	52.41999816894531	53.41999816894531	772900
2024-11-12	52.34000015258789	53.15999984741211	51.47999954223633	52.97999954223633	633600
2024-11-13	52.36000061035156	53.099998474121094	51.630001068115234	52.459999084472656	391800
2024-11-14	51.0099983215332	52.54999923706055	50.81999969482422	52.400001525878906	658200
2024-11-15	48.27000045776367	49.72999954223633	47.619998931884766	49.650001525878906	1055700
2024-11-18	48.9900016784668	49.45000076293945	48.099998474121094	48.38999938964844	623900
2024-11-19	49.650001525878906	49.939998626708984	47.619998931884766	47.81999969482422	812100
2024-11-20	49.689998626708984	49.779998779296875	47.77000045776367	49.68000030517578	894600
2024-11-21	50.68000030517578	51.20000076293945	48.68000030517578	50.63999938964844	993900
2024-11-22	51.20000076293945	51.45000076293945	50.459999084472656	50.61000061035156	749900
2024-11-25	51.900001525878906	53.029998779296875	51.099998474121094	52.58000183105469	768100
2024-11-26	52.93000030517578	53.14400100708008	52.0	52.279998779296875	695300
2024-11-27	52.16999816894531	52.909000396728516	51.66999816894531	52.810001373291016	623500
2024-11-29	53.2599983215332	53.659000396728516	52.31999969482422	52.380001068115234	361100
2024-12-02	53.75	53.959999084472656	53.34000015258789	53.52000045776367	786900
2024-12-03	53.7400016784668	53.862998962402344	53.262001037597656	53.630001068115234	384100
2024-12-04	55.02000045776367	55.12099838256836	54.13999938964844	54.33000183105469	745900
2024-12-05	54.68000030517578	55.34000015258789	54.5099983215332	55.060001373291016	437100
2024-12-06	54.97999954223633	55.39400100708008	54.67399978637695	54.849998474121094	361100
2024-12-09	53.7599983215332	54.93000030517578	53.57099914550781	54.880001068115234	535800
2024-12-10	53.09000015258789	54.099998474121094	52.849998474121094	53.9900016784668	424200
2024-12-11	54.650001525878906	54.9900016784668	53.97999954223633	54.040000915527344	367000
2024-12-12	53.4900016784668	54.5	53.4900016784668	54.31999969482422	376200
2024-12-13	53.290000915527344	54.34000015258789	52.82099914550781	54.08000183105469	476700
2024-12-16	54.189998626708984	54.52000045776367	53.6349983215332	53.900001525878906	417900
2024-12-17	53.209999084472656	53.54999923706055	52.720001220703125	53.20000076293945	436800
2024-12-18	46.880001068115234	53.95000076293945	46.70000076293945	53.09000015258789	1314500
2024-12-19	46.709999084472656	48.91999816894531	46.709999084472656	48.45000076293945	890700
2024-12-20	48.79999923706055	50.34000015258789	45.65999984741211	45.86000061035156	1478400
2024-12-23	50.04999923706055	50.17499923706055	47.709999084472656	48.7599983215332	854200
2024-12-24	51.970001220703125	52.13100051879883	50.20000076293945	50.38999938964844	441500
2024-12-26	52.099998474121094	52.5	50.959999084472656	51.47999954223633	431500
2024-12-27	49.81999969482422	50.720001220703125	48.34000015258789	50.650001525878906	1102600
2024-12-30	47.56999969482422	48.61000061035156	46.22999954223633	47.41999816894531	901300
2024-12-31	46.72999954223633	48.18000030517578	46.20000076293945	47.9900016784668	1098600
2025-01-02	46.22999954223633	48.27899932861328	44.939998626708984	47.72999954223633	1066600
2025-01-03	48.369998931884766	48.62900161743164	46.68299865722656	47.04999923706055	724400
2025-01-06	49.47999954223633	50.91999816894531	48.95000076293945	49.779998779296875	637500
2025-01-07	47.27000045776367	50.25199890136719	46.63999938964844	50.130001068115234	1565100
2025-01-08	47.40999984741211	47.810001373291016	46.09000015258789	47.2599983215332	1610200
2025-01-10	44.439998626708984	46.167999267578125	43.810001373291016	46.15999984741211	1854700
2025-01-13	44.709999084472656	44.77000045776367	42.849998474121094	42.970001220703125	1173300
2025-01-14	44.880001068115234	45.72999954223633	43.75	45.540000915527344	1239700
2025-01-15	48.06999969482422	48.4119987487793	46.970001220703125	47.31999969482422	885300
2025-01-16	47.68000030517578	48.560001373291016	47.47999954223633	48.5	760200
2025-01-17	49.369998931884766	50.029998779296875	48.85900115966797	49.279998779296875	1046700
2025-01-21	51.150001525878906	51.18000030517578	49.790000915527344	50.45000076293945	624600
2025-01-22	52.27000045776367	52.79999923706055	52.0099983215332	52.15999984741211	459100
2025-01-23	53.38999938964844	53.38999938964844	51.9900016784668	52.04999923706055	412200
2025-01-24	52.650001525878906	53.63999938964844	52.29999923706055	53.349998474121094	319100
2025-01-27	49.709999084472656	49.75199890136719	48.029998779296875	48.119998931884766	958400
2025-01-28	51.33000183105469	51.59000015258789	48.959999084472656	50.029998779296875	526900
2025-01-29	50.380001068115234	51.150001525878906	49.44300079345703	51.02000045776367	732300
2025-01-30	51.40999984741211	51.88999938964844	50.0	51.029998779296875	713000
2025-01-31	50.189998626708984	52.95000076293945	49.959999084472656	52.119998931884766	719100
2025-02-03	48.790000915527344	49.63999938964844	46.380001068115234	47.029998779296875	1028000
2025-02-04	50.0099983215332	50.209999084472656	48.650001525878906	48.7599983215332	482900
2025-02-05	50.83000183105469	50.849998474121094	48.959999084472656	49.66999816894531	407700
2025-02-06	51.47999954223633	51.5099983215332	50.279998779296875	51.380001068115234	448500
2025-02-07	49.52000045776367	51.95000076293945	49.25	51.560001373291016	632500
2025-02-10	50.79999923706055	50.999000549316406	50.11000061035156	50.5	385300
2025-02-11	50.86000061035156	51.08000183105469	49.95000076293945	50.0	269800
2025-02-12	50.20000076293945	50.63800048828125	48.611000061035156	48.83000183105469	492400
2025-02-13	52.2400016784668	52.334999084472656	50.13999938964844	50.59000015258789	684200
2025-02-14	52.099998474121094	52.55699920654297	51.91999816894531	52.220001220703125	389300
2025-02-18	52.63999938964844	52.66999816894531	51.630001068115234	52.5	380800
2025-02-19	53.06999969482422	53.2400016784668	51.9900016784668	52.130001068115234	329800
2025-02-20	52.189998626708984	52.66999816894531	51.099998474121094	52.63999938964844	552900
2025-02-21	48.790000915527344	52.220001220703125	48.43000030517578	52.099998474121094	1671700
2025-02-24	47.599998474121094	49.47999954223633	47.380001068115234	49.150001525878906	655200
2025-02-25	46.619998931884766	47.75699996948242	45.1349983215332	47.560001373291016	731000
2025-02-26	46.650001525878906	48.2400016784668	45.84000015258789	47.11000061035156	665600
2025-02-27	43.619998931884766	47.709999084472656	43.529998779296875	47.36000061035156	997300
2025-02-28	46.20000076293945	46.40999984741211	42.75	43.709999084472656	715200
2025-03-03	43.0099983215332	47.20000076293945	41.75	46.81999969482422	1012800
2025-03-04	40.880001068115234	43.39500045776367	39.54999923706055	41.7400016784668	1672100
2025-03-05	42.630001068115234	43.14699935913086	39.81999969482422	40.79999923706055	1234800
2025-03-06	39.63999938964844	41.7400016784668	38.810001373291016	40.38999938964844	1306500
2025-03-07	40.38999938964844	40.72999954223633	37.529998779296875	38.97999954223633	1345400
2025-03-10	36.130001068115234	38.5	34.611000061035156	37.9900016784668	1419800
2025-03-11	34.849998474121094	36.529998779296875	33.79999923706055	35.70000076293945	1441300
2025-03-12	35.5099983215332	36.54999923706055	34.279998779296875	36.34000015258789	1188400
2025-03-13	33.54999923706055	35.52299880981445	33.13999938964844	35.38999938964844	1356000
2025-03-14	36.22999954223633	36.52000045776367	34.459999084472656	34.63999938964844	1090500
2025-03-17	37.29999923706055	38.02000045776367	36.138999938964844	36.20000076293945	879600
2025-03-18	35.68000030517578	36.7599983215332	35.2400016784668	36.70000076293945	938900
2025-03-19	37.189998626708984	38.16400146484375	35.86000061035156	36.150001525878906	1357400
2025-03-20	36.79999923706055	38.11800003051758	36.040000915527344	36.22999954223633	976800
2025-03-21	36.7599983215332	36.9900016784668	35.20000076293945	35.52000045776367	999600
2025-03-24	39.29999923706055	39.5890007019043	38.36000061035156	38.47999954223633	908900
2025-03-25	39.650001525878906	39.959999084472656	39.25	39.65999984741211	785600
2025-03-26	37.810001373291016	39.869998931884766	37.38999938964844	39.619998931884766	1026800
2025-03-27	37.34000015258789	38.35900115966797	36.790000915527344	37.380001068115234	1004800
2025-03-28	34.369998931884766	37.029998779296875	34.08000183105469	36.84000015258789	1639100
2025-03-31	35.060001373291016	35.400001525878906	32.06999969482422	32.790000915527344	1520300
2025-04-01	35.540000915527344	36.0	33.680999755859375	34.63999938964844	1473500
2025-04-02	36.41999816894531	37.099998474121094	33.91999816894531	34.0	1871900
2025-04-03	29.549999237060547	32.07899856567383	29.211999893188477	31.34000015258789	2405700
2025-04-04	22.3799991607666	26.709999084472656	22.329999923706055	26.360000610351562	4231400
2025-04-07	22.229999542236328	25.530000686645508	18.149999618530273	19.420000076293945	4370700
2025-04-08	20.760000228881836	25.68000030517578	19.40999984741211	25.15999984741211	4126700
2025-04-09	28.479999542236328	28.948999404907227	20.09000015258789	20.18000030517578	6159300
2025-04-10	24.540000915527344	26.360000610351562	21.3700008392334	26.1299991607666	4239100
2025-04-11	26.190000534057617	26.679000854492188	23.6299991607666	24.15999984741211	2225500
2025-04-14	27.149999618530273	28.23900032043457	26.170000076293945	28.15999984741211	2287900
2025-04-15	26.889999389648438	28.0	26.729999542236328	27.280000686645508	1788700
2025-04-16	24.510000228881836	26.329999923706055	23.3799991607666	25.649999618530273	2746400
2025-04-17	24.399999618530273	25.415000915527344	24.079999923706055	24.799999237060547	1498100
2025-04-21	22.229999542236328	23.6200008392334	21.173999786376953	23.549999237060547	2798700
2025-04-22	24.420000076293945	24.81999969482422	23.079999923706055	23.25	3395500
2025-04-23	25.920000076293945	27.790000915527344	25.690000534057617	26.899999618530273	3307600
2025-04-24	28.079999923706055	28.229999542236328	25.959999084472656	26.209999084472656	2188200
2025-04-25	28.829999923706055	28.969999313354492	27.459999084472656	28.079999923706055	2295000
2025-04-28	28.90999984741211	29.461000442504883	27.709999084472656	29.030000686645508	2155500
2025-04-29	29.6200008392334	29.850000381469727	28.400999069213867	28.5	2072100
2025-04-30	29.739999771118164	30.020000457763672	26.83099937438965	28.149999618530273	3515700
2025-05-01	30.440000534057617	31.635000228881836	30.329999923706055	30.8700008392334	2183600
2025-05-02	32.130001068115234	32.54499816894531	31.239999771118164	31.770000457763672	1967600
2025-05-05	31.40999984741211	32.13999938964844	31.04199981689453	31.200000762939453	1405900
2025-05-06	30.420000076293945	31.329999923706055	29.94099998474121	30.15999984741211	1693600
2025-05-07	30.860000610351562	31.399999618530273	29.725000381469727	30.639999389648438	1992100
2025-05-08	31.6200008392334	32.83000183105469	30.959999084472656	31.729999542236328	2210000
2025-05-09	31.399999618530273	32.13999938964844	31.1200008392334	31.90999984741211	1238700
2025-05-12	35.4900016784668	35.560001373291016	34.24100112915039	35.2599983215332	2646200
2025-05-13	36.459999084472656	37.040000915527344	35.529998779296875	35.65999984741211	1181800
2025-05-14	36.61000061035156	36.99700164794922	36.1510009765625	36.72999954223633	1379500
2025-05-15	37.29999923706055	37.46500015258789	36.0	36.119998931884766	1323900
2025-05-16	38.11000061035156	38.25	36.95000076293945	37.459999084472656	1239000
2025-05-19	38.2400016784668	38.5	36.58000183105469	36.61000061035156	1706700
2025-05-20	37.72999954223633	38.09000015258789	36.95000076293945	37.84000015258789	1927300
2025-05-21	35.25	37.66999816894531	34.939998626708984	36.630001068115234	2737700
2025-05-22	35.220001220703125	36.06999969482422	34.83000183105469	35.13999938964844	1808300
2025-05-23	34.310001373291016	34.79999923706055	33.36000061035156	33.400001525878906	1462500
2025-05-27	36.91999816894531	37.0	35.38999938964844	35.779998779296875	1473900
2025-05-28	36.08000183105469	37.35499954223633	35.90999984741211	37.060001373291016	1778500
2025-05-29	36.58000183105469	37.38999938964844	35.66999816894531	37.375	1860800
2025-05-30	36.369998931884766	36.79999923706055	34.90999984741211	36.27000045776367	1887700
2025-06-02	37.13999938964844	37.15999984741211	35.310001373291016	35.959999084472656	1165300
2025-06-03	37.97999954223633	38.23899841308594	36.95000076293945	37.040000915527344	1671100
2025-06-04	37.86000061035156	38.439998626708984	37.849998474121094	38.20000076293945	970200
2025-06-05	37.029998779296875	38.66999816894531	36.63100051879883	38.34000015258789	1884000
2025-06-06	38.529998779296875	39.01300048828125	38.020999908447266	38.470001220703125	1332700
2025-06-09	38.65999984741211	39.15999984741211	38.42499923706055	38.709999084472656	746100
2025-06-10	39.4900016784668	39.63999938964844	38.57099914550781	38.79999923706055	1260900
2025-06-11	39.09000015258789	40.029998779296875	38.54800033569336	39.83000183105469	1627200
2025-06-12	39.61000061035156	39.65999984741211	38.58000183105469	38.720001220703125	1059300
2025-06-13	37.79999923706055	39.04999923706055	37.39500045776367	38.18000030517578	1840800
2025-06-16	39.220001220703125	39.650001525878906	38.6150016784668	38.630001068115234	985300
2025-06-17	37.81999969482422	38.92499923706055	37.63999938964844	38.540000915527344	1160600
2025-06-18	37.7599983215332	38.709999084472656	37.540000915527344	38.02000045776367	965600
2025-06-20	37.25	38.619998931884766	36.959999084472656	38.369998931884766	1306800
2025-06-23	38.709999084472656	38.83000183105469	36.709999084472656	37.470001220703125	1503100
2025-06-24	40.470001220703125	40.689998626708984	39.59000015258789	39.81999969482422	946300
2025-06-25	40.52000045776367	40.849998474121094	40.08000183105469	40.720001220703125	834000
2025-06-26	41.75	41.81999969482422	40.79999923706055	40.959999084472656	944100
2025-06-27	42.400001525878906	42.869998931884766	41.323001861572266	41.93000030517578	1245700
2025-06-30	43.209999084472656	43.582000732421875	42.470001220703125	43.10499954223633	1023800
2025-07-01	43.09000015258789	43.470001220703125	42.540000915527344	42.7599983215332	833500
2025-07-02	43.86000061035156	43.86000061035156	42.83000183105469	42.97999954223633	958300
2025-07-03	45.06999969482422	45.36899948120117	44.33000183105469	44.33000183105469	766000
2025-07-07	43.790000915527344	44.689998626708984	42.95000076293945	44.529998779296875	1068400
2025-07-08	43.63999938964844	44.099998474121094	43.400001525878906	43.900001525878906	740000
2025-07-09	44.63999938964844	44.79999923706055	43.77000045776367	44.25	806300
2025-07-10	45.11000061035156	45.400001525878906	44.29999923706055	44.625	541200
2025-07-11	44.349998474121094	44.70000076293945	43.7599983215332	44.11000061035156	715900
2025-07-14	44.650001525878906	44.7400016784668	43.810001373291016	44.220001220703125	638200
2025-07-15	43.88999938964844	45.47999954223633	43.849998474121094	45.40999984741211	805500
2025-07-16	44.40999984741211	44.520999908447266	42.689998626708984	44.290000915527344	948600
2025-07-17	45.40999984741211	45.54999923706055	44.375	44.45000076293945	779600
2025-07-18	45.209999084472656	45.72999954223633	44.91999816894531	45.72999954223633	657100
2025-07-21	45.5099983215332	46.33000183105469	45.400001525878906	45.529998779296875	565600
2025-07-22	45.459999084472656	45.72999954223633	44.77000045776367	45.560001373291016	590300
2025-07-23	47.040000915527344	47.099998474121094	45.724998474121094	46.2599983215332	669200
2025-07-24	47.060001373291016	47.54999923706055	46.95100021362305	47.099998474121094	439200
2025-07-25	47.83000183105469	47.88999938964844	47.09000015258789	47.119998931884766	490800
2025-07-28	47.709999084472656	47.98500061035156	47.2859992980957	47.86000061035156	624800
2025-07-29	47.13999938964844	48.119998931884766	46.840999603271484	48.040000915527344	612900
2025-07-30	46.84000015258789	47.7599983215332	45.98500061035156	47.290000915527344	732500
2025-07-31	46.11000061035156	48.400001525878906	45.72999954223633	48.29999923706055	1071400
2025-08-01	43.0	44.29999923706055	42.279998779296875	44.290000915527344	1294100
